,农、林、牧、渔业,采矿业,制造业,电力、热力、燃气及水生产和供应业,建筑业,批发和零售业,交通运输、仓储和邮政业,住宿和餐饮业,信息传输、软件和信息技术服务业,证监会金融业,房地产业,租赁和商务服务业,科学研究和技术服务业,水利、环境和公共设施管理业,卫生和社会工作,文化、体育和娱乐业,综合,教育
2008-01-06,7.4903 ,2.9514 ,4.3333 ,5.8009 ,3.5757 ,4.5703 ,4.5672 ,8.2385 ,2.4471 ,-0.4862 ,5.3798 ,6.7407 ,3.9124 ,4.2831 ,2.5000 ,5.1109 ,5.9937 ,3.0729 
2008-01-13,6.4127 ,3.6154 ,2.9895 ,-1.9065 ,0.4753 ,2.1412 ,0.6973 ,1.2002 ,3.9728 ,8.3621 ,4.5047 ,-2.5173 ,3.2432 ,2.2642 ,3.1250 ,-1.3506 ,2.2094 ,8.4327 
2008-01-20,3.8006 ,-4.4989 ,-1.4843 ,-2.6383 ,-2.4374 ,-1.9665 ,-4.5617 ,0.0091 ,1.2678 ,-7.8367 ,-6.4137 ,0.5610 ,8.8508 ,-7.4925 ,-3.4738 ,-3.8289 ,0.2188 ,-5.1060 
2008-01-27,0.0819 ,-5.9735 ,-4.6832 ,-6.8356 ,-5.9639 ,-6.7585 ,-6.5380 ,-4.0752 ,-1.9815 ,-8.5024 ,-4.1147 ,-4.1168 ,-14.8132 ,-2.4919 ,10.2603 ,-5.7465 ,0.5610 ,4.0563 
2008-02-03,-15.6056 ,-9.8084 ,-11.4263 ,-11.1871 ,-10.1714 ,-9.7091 ,-10.7987 ,-14.2913 ,-11.9794 ,-10.1550 ,-6.4968 ,-8.7976 ,-11.9721 ,-5.0251 ,-17.2222 ,-8.4514 ,-14.8860 ,-21.8775 
2008-02-10,7.7133 ,6.0968 ,8.3049 ,9.3500 ,8.6642 ,7.6823 ,7.5732 ,6.3613 ,7.7211 ,7.8695 ,6.3144 ,7.1836 ,5.6573 ,4.9811 ,2.9362 ,7.7750 ,9.6338 ,13.6456 
2008-02-17,5.4855 ,-2.5477 ,0.2127 ,0.6576 ,0.2430 ,-0.6864 ,-1.3426 ,1.6902 ,1.2147 ,-4.9518 ,-2.8917 ,-0.9340 ,-1.3855 ,-3.0392 ,1.2225 ,0.4813 ,1.3623 ,1.7025 
2008-02-24,4.4836 ,-0.5158 ,1.9893 ,-0.2351 ,-0.0744 ,4.2719 ,-1.8618 ,1.9202 ,-0.9757 ,-8.2239 ,-3.4663 ,2.4409 ,-0.9831 ,-2.9760 ,-0.7247 ,2.6133 ,4.2665 ,14.5374 
2008-03-02,0.9204 ,-2.9517 ,-0.6692 ,2.7444 ,-0.2469 ,-0.8243 ,0.2316 ,1.0835 ,-5.5740 ,4.1140 ,-1.2920 ,-1.4357 ,-0.1778 ,0.8550 ,-1.9465 ,0.3999 ,1.9474 ,8.8462 
2008-03-09,5.0899 ,-1.0108 ,0.0966 ,0.3364 ,-0.7849 ,2.0844 ,-0.2953 ,3.1827 ,-0.8852 ,-2.9871 ,0.5279 ,6.4383 ,7.3347 ,0.4793 ,4.9628 ,0.6162 ,3.8494 ,-4.4523 
2008-03-16,-12.0540 ,-2.5855 ,-9.6671 ,-9.5065 ,-4.7743 ,-9.5076 ,-13.5873 ,-6.1987 ,-9.0219 ,-10.8004 ,-10.7236 ,-8.1787 ,-5.4464 ,-10.6943 ,-8.3530 ,-9.4496 ,-6.4178 ,-5.4734 
2008-03-23,-5.8386 ,-7.4002 ,-5.3992 ,-5.6924 ,-2.7763 ,-5.7329 ,-2.2665 ,-6.7247 ,-4.6944 ,-0.1288 ,3.0764 ,-6.0580 ,-6.8923 ,1.5486 ,-9.9742 ,-7.6290 ,-5.6920 ,-4.3818 
2008-03-30,-4.2880 ,-7.8438 ,-4.3878 ,-4.3129 ,-5.8486 ,-3.4758 ,-2.1130 ,-1.7446 ,-2.2188 ,-0.6532 ,3.0948 ,-4.2190 ,-2.6772 ,-1.7705 ,4.4890 ,-4.1627 ,-3.6904 ,-2.8642 
2008-04-06,-16.9511 ,-4.5931 ,-12.3938 ,-12.3576 ,-5.7673 ,-13.0598 ,-7.6029 ,-18.3198 ,-14.3256 ,1.7624 ,-11.6852 ,-14.9288 ,-13.0043 ,-11.5785 ,-21.2980 ,-13.7957 ,-13.8633 ,-21.9040 
2008-04-13,10.7313 ,4.0971 ,6.9199 ,3.5986 ,1.8942 ,6.8960 ,4.0906 ,6.4905 ,5.3896 ,-0.1653 ,4.3870 ,6.1534 ,5.2412 ,4.9341 ,4.6458 ,6.9888 ,2.8316 ,2.2654 
2008-04-20,-3.9106 ,-7.8476 ,-13.2351 ,-18.2046 ,-12.2586 ,-10.8884 ,-15.2607 ,-12.8060 ,-7.5197 ,-11.2036 ,-20.3468 ,-8.9992 ,-11.8726 ,-18.2734 ,-18.7570 ,-13.7919 ,-14.7870 ,-9.9156 
2008-04-27,13.4668 ,14.5135 ,13.2337 ,13.6871 ,15.1231 ,10.7972 ,16.0360 ,8.8037 ,12.4368 ,20.6583 ,13.5490 ,10.3921 ,1.0352 ,13.8391 ,13.2514 ,12.2885 ,8.2599 ,10.0703 
2008-05-04,8.8480 ,1.4539 ,3.8007 ,6.9659 ,2.2350 ,4.1879 ,2.9768 ,3.3360 ,3.1373 ,4.6357 ,3.5059 ,3.7113 ,5.9425 ,4.3243 ,4.1013 ,6.9113 ,3.6050 ,6.8085 
2008-05-11,2.5173 ,5.3835 ,1.4491 ,1.2778 ,-2.3735 ,0.3982 ,-2.0138 ,-2.3284 ,5.7765 ,-9.6497 ,-3.4267 ,2.9733 ,6.2622 ,-5.8006 ,-6.0255 ,1.6934 ,1.4827 ,1.6932 
2008-05-18,4.8740 ,-1.0864 ,2.7259 ,1.0347 ,1.2157 ,1.8739 ,3.3598 ,4.5063 ,-1.7651 ,2.0493 ,-0.5495 ,-0.6895 ,0.1335 ,3.5524 ,7.2750 ,-0.4333 ,-3.6033 ,-0.0979 
2008-05-25,-9.3362 ,1.6333 ,-7.0216 ,-2.3578 ,-3.2546 ,-6.6313 ,-8.4962 ,-6.1502 ,-1.0042 ,-7.2615 ,-8.3667 ,-6.7535 ,0.5635 ,-8.0924 ,-9.8851 ,-5.2966 ,-7.4168 ,-4.5098 
2008-06-01,-2.4288 ,-5.2156 ,-1.9264 ,0.4071 ,-4.7336 ,-1.2424 ,-2.2481 ,-0.3484 ,-0.1007 ,-0.1165 ,-0.2029 ,-0.2835 ,-0.9291 ,-1.7825 ,3.4439 ,-3.6363 ,-2.2711 ,6.0575 
2008-06-08,-8.5340 ,-4.4493 ,-3.6118 ,-2.3514 ,-3.3898 ,-1.6912 ,-2.5338 ,0.3955 ,-9.8216 ,-2.0599 ,-0.4905 ,-2.2607 ,-3.3691 ,0.7399 ,-6.6585 ,-3.2231 ,-2.7642 ,-10.0678 
2008-06-15,-13.3985 ,-11.3931 ,-14.6036 ,-14.3473 ,-16.4241 ,-15.1495 ,-16.1684 ,-11.0358 ,-15.2584 ,-15.5162 ,-17.3955 ,-14.4905 ,-10.7221 ,-14.3598 ,-20.4756 ,-16.5829 ,-18.0435 ,-18.8375 
2008-06-22,-8.5006 ,-1.2866 ,-7.3585 ,-1.9134 ,-3.5458 ,-7.5185 ,-8.9239 ,-6.8729 ,-7.9686 ,0.1230 ,-9.7953 ,-9.1167 ,-3.8201 ,-10.5939 ,-17.2757 ,-3.9346 ,-8.5589 ,-9.2838 
2008-06-29,5.1360 ,-1.0952 ,-0.2720 ,-1.7709 ,-0.8786 ,1.0261 ,0.9664 ,-3.2009 ,1.7193 ,-2.2839 ,1.0375 ,5.1129 ,-2.3398 ,2.1778 ,5.8233 ,1.5578 ,2.6260 ,0.1462 
2008-07-06,13.8696 ,-6.7288 ,2.5866 ,0.9726 ,2.4999 ,2.7310 ,2.3530 ,2.6905 ,6.9473 ,-6.4443 ,2.1597 ,8.8430 ,-0.7823 ,7.0896 ,2.4668 ,9.2830 ,0.1199 ,5.8394 
2008-07-13,-1.3922 ,8.1678 ,6.7232 ,4.0406 ,6.3377 ,6.5327 ,7.1446 ,4.6207 ,3.4422 ,9.6522 ,10.4003 ,0.5854 ,3.5679 ,9.5430 ,5.3704 ,3.1183 ,8.5827 ,6.6251 
2008-07-20,-2.5834 ,-4.6619 ,-3.1096 ,-4.7740 ,-0.8136 ,-3.6131 ,-2.4062 ,-3.3765 ,-2.4916 ,-4.0838 ,-9.2703 ,-5.2718 ,-5.2030 ,-8.6219 ,4.5694 ,-5.5452 ,-8.0891 ,-7.8024 
2008-07-27,9.6060 ,-0.3360 ,4.0248 ,3.7620 ,4.2954 ,4.5379 ,3.9246 ,6.6478 ,3.6150 ,6.1008 ,9.1496 ,6.6896 ,5.7089 ,9.3370 ,14.7899 ,8.2807 ,7.0552 ,14.2454 
2008-08-03,-4.9586 ,-3.4897 ,-3.5360 ,-2.8977 ,-1.9170 ,-3.8649 ,-4.0058 ,-1.4360 ,-4.7791 ,-1.3381 ,-3.8482 ,-3.1683 ,-4.7542 ,-4.4827 ,-5.2709 ,-0.6773 ,-1.8983 ,-6.0494 
2008-08-10,-13.2149 ,-9.1196 ,-10.8517 ,-7.9322 ,-6.1051 ,-10.7386 ,-9.3942 ,-10.9057 ,-6.8920 ,-6.0731 ,-12.7909 ,-5.4737 ,-7.7703 ,-7.5855 ,-12.9830 ,-7.2115 ,-10.4686 ,-8.5414 
2008-08-17,-7.9686 ,-4.9202 ,-6.8968 ,-4.9718 ,-7.4022 ,-8.4496 ,-4.0966 ,-13.9696 ,-9.6506 ,-5.9665 ,-7.6528 ,-13.3715 ,-8.7051 ,-4.5612 ,-9.4139 ,-16.8975 ,-10.7108 ,-13.6494 
2008-08-24,-5.7372 ,-3.8900 ,-3.4700 ,-3.9135 ,-2.7818 ,-3.1251 ,-1.7724 ,-2.7591 ,-8.2246 ,1.1759 ,-2.5705 ,-3.1808 ,-2.6101 ,-0.4375 ,-0.7843 ,-5.1292 ,-2.7847 ,2.1630 
2008-08-31,-3.8148 ,-2.4613 ,-2.8676 ,-2.5860 ,-3.2202 ,-3.5445 ,-1.5496 ,-2.8102 ,-3.6043 ,3.1811 ,-0.4100 ,-4.2595 ,-4.6788 ,-3.5668 ,-0.1976 ,-6.1098 ,-0.7353 ,-3.7459 
2008-09-07,-9.0428 ,-11.0096 ,-7.2367 ,-1.9163 ,-4.4406 ,-8.6475 ,-7.4140 ,-7.7704 ,-4.9635 ,-11.1636 ,-7.8722 ,-5.8580 ,-8.4211 ,-6.5233 ,-4.7525 ,-5.0933 ,-6.2602 ,7.2758 
2008-09-14,-10.8950 ,-8.0133 ,-4.3361 ,-2.1589 ,1.0207 ,-3.7227 ,-2.4533 ,-5.3606 ,-6.7220 ,-6.2652 ,-9.5883 ,-0.7887 ,-0.8238 ,-4.5311 ,-4.9896 ,-4.6205 ,-5.4312 ,2.9969 
2008-09-21,10.1488 ,5.5051 ,2.6973 ,2.0207 ,0.8086 ,1.2382 ,5.2051 ,0.0665 ,8.1577 ,-7.3238 ,1.1211 ,4.4153 ,-3.8867 ,9.5573 ,5.0328 ,4.1943 ,0.5250 ,-10.5666 
2008-09-28,2.5655 ,12.0636 ,2.9298 ,3.8744 ,6.4556 ,5.6326 ,5.5233 ,3.5573 ,6.9091 ,10.6773 ,9.1423 ,1.6383 ,8.6009 ,5.5224 ,-2.0834 ,3.3745 ,3.2920 ,3.5959 
2008-10-12,-4.5333 ,-16.8038 ,-14.0459 ,-8.8235 ,-6.8712 ,-15.2950 ,-14.5592 ,-13.4879 ,-7.4249 ,-16.9333 ,-12.4171 ,-10.7677 ,-13.0841 ,-10.8095 ,-11.0638 ,-8.4462 ,-13.4420 ,-16.1983 
2008-10-19,-5.0741 ,-8.3974 ,-7.0739 ,-2.8572 ,-0.2780 ,-7.4148 ,-6.9163 ,-5.6108 ,-5.4564 ,0.7622 ,4.5563 ,-3.4409 ,-2.3064 ,-0.5128 ,-6.6985 ,-9.2761 ,-1.3261 ,-15.1874 
2008-10-26,2.7354 ,-2.3512 ,0.6571 ,-3.2117 ,-6.3338 ,0.4768 ,0.5065 ,-0.5527 ,-2.6637 ,-6.2261 ,-2.2959 ,-4.8499 ,0.0088 ,-2.5777 ,5.3846 ,0.0231 ,-0.3653 ,4.8838 
2008-11-02,-12.8510 ,-5.8412 ,-8.8150 ,-3.7183 ,-4.5692 ,-8.7942 ,-11.8523 ,-16.4371 ,-4.9578 ,-4.1296 ,-9.3095 ,-9.6005 ,-12.5773 ,-10.2532 ,-1.7031 ,-7.1556 ,-5.6253 ,-11.9734 
2008-11-09,1.0323 ,-0.9096 ,-0.0304 ,1.7094 ,2.7567 ,-1.6304 ,-1.5943 ,-0.2260 ,1.8681 ,4.7002 ,-2.6750 ,-2.6654 ,1.8724 ,-6.0528 ,-10.6436 ,1.2523 ,-0.8923 ,3.2745 
2008-11-16,23.9867 ,16.8868 ,18.0454 ,9.9187 ,26.9565 ,17.3445 ,15.8749 ,19.3162 ,13.5096 ,13.2517 ,21.0313 ,15.7624 ,14.5867 ,20.4889 ,26.0388 ,16.9011 ,18.7271 ,15.6097 
2008-11-23,-0.2680 ,-1.7500 ,1.5377 ,2.9172 ,3.0147 ,0.0570 ,-2.9691 ,6.2171 ,2.3628 ,-4.4056 ,5.7614 ,0.9032 ,5.9864 ,6.4608 ,-5.0550 ,-1.0484 ,6.8666 ,1.4769 
2008-11-30,-5.5117 ,-4.4724 ,-2.8935 ,-1.0134 ,-5.3661 ,1.0227 ,-5.5635 ,-7.4046 ,-4.0782 ,-8.6899 ,-4.8766 ,-7.8102 ,-4.1492 ,-4.5948 ,7.8704 ,-5.1384 ,-5.6420 ,-2.2869 
2008-12-07,17.3684 ,9.6272 ,12.3309 ,5.2095 ,6.6646 ,11.8865 ,8.4866 ,13.1700 ,11.4291 ,10.0719 ,12.3336 ,15.2978 ,8.5326 ,10.9516 ,13.7339 ,12.6232 ,12.7411 ,14.8936 
2008-12-14,-3.8856 ,-1.4823 ,-3.2561 ,-0.7968 ,-5.7229 ,-2.8933 ,-2.1957 ,-1.8385 ,-3.4536 ,-1.6371 ,-2.7580 ,3.5971 ,0.5029 ,-4.2444 ,-3.5849 ,-2.4636 ,-3.6355 ,2.5926 
2008-12-21,5.2111 ,5.0733 ,6.8416 ,2.8749 ,4.9617 ,7.4970 ,2.4312 ,11.8601 ,3.5830 ,3.8310 ,5.9685 ,9.1585 ,5.3061 ,3.7033 ,17.6125 ,9.6698 ,8.4679 ,0.1805 
2008-12-28,-9.1452 ,-8.7676 ,-8.7511 ,-7.2403 ,-8.1400 ,-6.7569 ,-10.2387 ,-9.1893 ,-7.5853 ,-8.1117 ,-14.1335 ,-5.3628 ,-7.3973 ,-11.5166 ,-13.3111 ,-8.1416 ,-8.8416 ,-15.3153 
2009-01-04,-5.2957 ,-1.8855 ,-2.5812 ,-0.1436 ,2.3288 ,-2.9231 ,-2.1820 ,-4.1932 ,-0.5211 ,-2.3270 ,-2.5666 ,0.1849 ,-0.8931 ,-0.8475 ,-0.0000 ,0.7765 ,0.0860 ,-8.7234 
2009-01-11,8.6739 ,8.2054 ,7.6468 ,5.1057 ,3.6829 ,5.0718 ,6.7800 ,8.6497 ,2.4697 ,4.7376 ,8.6123 ,-1.2588 ,16.0092 ,8.9818 ,10.9405 ,6.6247 ,9.1499 ,11.8881 
2009-01-18,1.4655 ,2.8679 ,3.6581 ,2.1013 ,0.9233 ,3.7338 ,3.7308 ,4.8958 ,2.8686 ,6.4578 ,2.0997 ,0.8570 ,1.3341 ,-0.0522 ,3.8062 ,1.8129 ,8.8996 ,8.1250 
2009-01-25,1.2616 ,2.8392 ,2.3494 ,-0.0026 ,-2.0738 ,0.1735 ,0.3699 ,-0.3565 ,0.7243 ,3.4417 ,1.5844 ,0.0574 ,5.7009 ,2.8188 ,3.0000 ,2.0991 ,3.3481 ,2.5048 
2009-02-08,13.1379 ,9.5708 ,10.2770 ,8.0797 ,10.4018 ,11.6611 ,11.1827 ,13.9567 ,10.1221 ,10.0425 ,11.9153 ,13.8550 ,11.3356 ,11.2778 ,6.4725 ,8.9698 ,11.2621 ,7.3309 
2009-02-15,6.7136 ,5.5562 ,11.1375 ,7.6106 ,7.4295 ,11.0802 ,11.2711 ,12.6615 ,10.7881 ,2.8316 ,14.7510 ,8.8590 ,12.9075 ,11.4631 ,6.9909 ,10.9789 ,12.2055 ,19.0893 
2009-02-22,2.5639 ,-1.8756 ,-0.0048 ,1.1092 ,-3.1080 ,-1.4502 ,-3.8717 ,-1.2357 ,-4.1532 ,-3.9811 ,-5.2808 ,-1.2937 ,-4.8247 ,-4.4410 ,1.1364 ,-1.2927 ,-0.3240 ,-8.6765 
2009-03-01,-10.4924 ,-9.0129 ,-12.4942 ,-9.3657 ,-9.7413 ,-11.6612 ,-11.2991 ,-11.4853 ,-9.8802 ,-4.5214 ,-10.8546 ,-10.1819 ,-13.7127 ,-4.7308 ,-9.2697 ,-14.3291 ,-14.0256 ,-12.7214 
2009-03-08,4.9976 ,5.5839 ,8.3995 ,5.9816 ,5.4954 ,7.9012 ,6.4046 ,8.8985 ,5.1589 ,6.6931 ,12.9686 ,5.8422 ,8.8102 ,9.3422 ,15.0155 ,7.1828 ,10.9089 ,11.0701 
2009-03-15,-6.8795 ,-2.7378 ,-3.4973 ,-2.7427 ,-2.9041 ,-3.8717 ,-2.2110 ,-1.2400 ,-2.3615 ,-3.3036 ,-2.8845 ,-5.1256 ,13.3241 ,-5.0931 ,1.2113 ,-0.9734 ,-2.7334 ,-4.3190 
2009-03-22,5.9250 ,14.5980 ,8.8724 ,4.2352 ,4.3035 ,9.6483 ,6.4326 ,6.2726 ,7.1104 ,4.9421 ,8.9479 ,6.1624 ,4.1361 ,8.1065 ,3.3245 ,6.2206 ,9.0862 ,9.7222 
2009-03-29,2.0440 ,3.3805 ,3.6325 ,3.1871 ,2.7772 ,3.3051 ,7.1685 ,3.6033 ,3.7294 ,6.5863 ,5.1881 ,5.6948 ,20.3969 ,5.0783 ,4.2471 ,1.4956 ,4.1508 ,16.4557 
2009-04-05,5.1178 ,1.6813 ,2.0206 ,0.6317 ,1.0670 ,2.2005 ,1.8659 ,0.5265 ,2.7471 ,5.2974 ,2.9991 ,0.6036 ,-3.7911 ,1.2638 ,-1.7284 ,4.0392 ,2.0180 ,1.2228 
2009-04-12,0.1197 ,4.4777 ,2.4742 ,0.4871 ,1.8028 ,1.8856 ,1.2082 ,3.0565 ,3.0066 ,-0.3337 ,0.9188 ,4.0939 ,5.4631 ,1.2575 ,2.6382 ,2.3989 ,4.1956 ,3.4899 
2009-04-19,0.1853 ,2.4523 ,3.3975 ,2.6003 ,2.5512 ,5.4259 ,2.3881 ,2.9858 ,3.1027 ,0.4038 ,3.3471 ,7.9310 ,-6.6621 ,4.1725 ,0.7344 ,6.5253 ,1.8295 ,4.4099 
2009-04-26,-3.5076 ,-2.1427 ,-2.4547 ,-0.3101 ,-2.1467 ,-2.9355 ,-2.4125 ,0.9022 ,0.4930 ,-4.6609 ,-3.9778 ,-1.6063 ,-5.6313 ,-1.3153 ,-2.4301 ,-3.8769 ,-4.5237 ,-7.8261 
2009-05-03,-5.2507 ,1.8153 ,0.6955 ,-0.3512 ,0.5464 ,2.7117 ,0.1759 ,0.2869 ,4.2556 ,2.3379 ,4.6302 ,0.1000 ,2.1119 ,4.6055 ,2.3661 ,1.9242 ,4.3347 ,0.8086 
2009-05-10,3.8279 ,7.9649 ,4.4647 ,5.1554 ,6.0775 ,4.3484 ,5.0077 ,7.0761 ,1.9283 ,7.9235 ,12.3724 ,3.1941 ,-2.5072 ,8.9158 ,1.2165 ,1.5464 ,6.8038 ,3.3423 
2009-05-17,0.6666 ,2.7115 ,0.3561 ,-0.7772 ,-2.2676 ,0.9871 ,-0.9792 ,3.4680 ,-0.4457 ,-0.4231 ,2.4819 ,0.2628 ,3.8100 ,-0.5524 ,-1.0817 ,3.1821 ,-2.4411 ,3.4929 
2009-05-24,-2.8062 ,0.9364 ,-0.9364 ,-0.7479 ,-0.0157 ,-1.9529 ,-2.9825 ,-0.2540 ,-2.1791 ,-2.7342 ,-3.2336 ,0.4585 ,-3.3544 ,-1.7328 ,13.9732 ,3.0965 ,-0.3338 ,-1.3750 
2009-05-31,-0.1990 ,-0.5730 ,0.7622 ,-0.6950 ,-1.3377 ,1.2310 ,0.2474 ,0.0033 ,2.2049 ,2.5476 ,-0.1224 ,0.0321 ,-0.1775 ,-0.3743 ,-3.6247 ,0.2380 ,0.4925 ,2.7883 
2009-06-07,3.0790 ,7.3581 ,2.9621 ,2.3941 ,3.3569 ,3.1900 ,3.6165 ,0.6028 ,0.1656 ,9.9267 ,8.8788 ,1.4491 ,-0.2511 ,-0.1307 ,1.6593 ,1.8146 ,3.5049 ,-0.1233 
2009-06-14,-2.1853 ,-4.3768 ,-1.3921 ,-2.2156 ,-0.5812 ,-0.0785 ,-0.8320 ,0.9114 ,-1.1351 ,2.0701 ,-1.5091 ,1.1284 ,2.1315 ,3.3442 ,-5.4407 ,0.4268 ,-1.6960 ,-4.8148 
2009-06-21,4.0462 ,3.2679 ,3.1511 ,3.4136 ,5.7658 ,4.9578 ,5.7519 ,2.8745 ,4.0120 ,8.2550 ,8.9138 ,5.7075 ,6.7306 ,8.3277 ,3.9126 ,6.1940 ,3.4539 ,7.9118 
2009-06-28,1.1976 ,2.1287 ,1.2021 ,0.2989 ,0.8421 ,-1.1479 ,-0.3664 ,1.3884 ,-0.7859 ,1.8551 ,2.1915 ,1.1428 ,-4.7323 ,-3.2467 ,-3.7652 ,0.3348 ,2.0893 ,-2.0433 
2009-07-05,3.0741 ,10.1380 ,2.0057 ,2.6981 ,6.4783 ,3.5998 ,2.4031 ,1.5499 ,1.1982 ,7.7541 ,14.2157 ,0.5108 ,2.0893 ,16.0166 ,-1.4960 ,-1.9847 ,6.5596 ,6.0123 
2009-07-12,1.3660 ,1.3781 ,5.8494 ,2.8507 ,-0.2625 ,3.4876 ,3.9738 ,4.5496 ,5.0316 ,-0.6246 ,0.3540 ,2.6418 ,4.7138 ,-1.4805 ,2.6869 ,5.3518 ,1.6800 ,-1.8518 
2009-07-19,1.5027 ,4.3200 ,4.3949 ,3.1553 ,4.7427 ,3.1011 ,3.5903 ,5.1731 ,2.4481 ,3.3964 ,1.4053 ,2.2958 ,0.4236 ,-0.3931 ,5.2332 ,4.9560 ,3.5790 ,7.0755 
2009-07-26,-0.4767 ,10.3858 ,2.2927 ,4.1046 ,1.0668 ,0.2160 ,3.5287 ,-1.9951 ,2.4967 ,3.9810 ,1.5364 ,-1.4944 ,0.3205 ,2.7615 ,1.6216 ,0.3550 ,1.4784 ,2.8634 
2009-08-02,0.4388 ,-1.4792 ,2.6051 ,3.4063 ,10.4249 ,-0.0940 ,2.2074 ,0.2116 ,5.7589 ,3.4986 ,-5.2456 ,-0.2782 ,3.6292 ,-7.0738 ,-2.8723 ,-0.9507 ,-0.8858 ,-3.3191 
2009-08-09,4.4901 ,-5.7891 ,-1.2497 ,-1.7173 ,-3.8821 ,-1.4206 ,-0.5900 ,-1.0389 ,-4.6533 ,-7.9650 ,-4.3536 ,0.1571 ,-2.6243 ,-3.1552 ,-4.8193 ,-0.8024 ,-4.6954 ,-2.8793 
2009-08-16,-8.2386 ,-5.3410 ,-7.3853 ,-9.6465 ,-6.9399 ,-6.7360 ,-9.0828 ,-7.0061 ,-7.9870 ,-5.8986 ,-0.9003 ,-8.3576 ,-7.3336 ,1.2830 ,-11.0472 ,-8.6554 ,-2.2235 ,1.3683 
2009-08-23,0.5191 ,-3.5592 ,-2.7693 ,-1.7132 ,-4.6346 ,-4.2658 ,-4.4751 ,0.0422 ,-4.6932 ,-3.8481 ,-10.5415 ,-2.3416 ,-3.8100 ,-9.8080 ,-3.2341 ,-0.2896 ,-7.1852 ,-17.7728 
2009-08-30,3.2511 ,-5.0983 ,1.0124 ,-1.7800 ,-1.3130 ,2.4312 ,-0.8468 ,2.3221 ,2.7728 ,-9.9941 ,-4.4445 ,4.6269 ,3.1605 ,-0.9329 ,12.7005 ,6.3028 ,1.0923 ,3.1464 
2009-09-06,-1.7488 ,-0.9220 ,-1.1790 ,-1.6498 ,0.6436 ,-0.1433 ,-1.7338 ,-3.8172 ,-0.5147 ,4.1308 ,2.7564 ,-1.7297 ,-4.9077 ,0.6303 ,1.4235 ,-2.0573 ,-0.8986 ,0.1326 
2009-09-13,4.1246 ,6.6937 ,4.7841 ,2.5407 ,2.0768 ,4.2147 ,3.8649 ,5.8529 ,4.5898 ,5.9238 ,5.8245 ,1.9815 ,3.9534 ,4.3421 ,-5.2631 ,3.8822 ,5.6654 ,4.6358 
2009-09-20,1.0303 ,0.1748 ,1.8699 ,1.5636 ,0.0855 ,1.8818 ,-0.3515 ,1.7375 ,4.0850 ,-3.5207 ,-1.7545 ,6.3648 ,4.2983 ,1.5263 ,2.3457 ,3.3875 ,1.5299 ,9.7468 
2009-09-27,-6.1739 ,-7.5371 ,-4.9715 ,-5.4218 ,-4.5471 ,-2.9098 ,-5.2221 ,-5.1842 ,-4.7482 ,-1.8791 ,-6.2340 ,-6.8303 ,-6.2167 ,-4.6271 ,-5.4282 ,-5.0833 ,-8.6527 ,-10.4960 
2009-10-04,-3.8183 ,-1.9106 ,-2.9940 ,-2.3287 ,-2.5541 ,-3.3434 ,-4.1527 ,-6.8830 ,-5.1255 ,-0.8078 ,-2.2045 ,-4.3263 ,-6.2858 ,-3.8210 ,-7.3980 ,-4.4717 ,-3.3855 ,-6.1856 
2009-10-11,4.7657 ,7.9638 ,5.0100 ,4.2184 ,4.1036 ,5.2378 ,5.2723 ,4.9163 ,4.6853 ,4.8790 ,4.9187 ,4.1905 ,4.4241 ,4.2883 ,5.2342 ,4.5108 ,5.2942 ,4.5330 
2009-10-18,3.7163 ,3.8194 ,2.5921 ,2.8124 ,2.7291 ,2.5252 ,1.9046 ,4.5228 ,1.3332 ,2.5663 ,6.1037 ,3.1348 ,1.1406 ,3.5415 ,4.1885 ,3.0376 ,4.5979 ,4.0736 
2009-10-25,6.8501 ,5.3683 ,4.3942 ,2.9498 ,2.9627 ,4.5519 ,3.8493 ,4.7007 ,3.1206 ,6.1599 ,8.8218 ,4.8461 ,3.1490 ,6.0746 ,7.6633 ,5.7684 ,7.9648 ,4.6717 
2009-11-01,-4.8057 ,-5.9999 ,-1.3810 ,-2.9293 ,-5.1687 ,-0.9799 ,-3.7957 ,-0.6567 ,-1.9313 ,-4.0263 ,-6.2364 ,-4.3627 ,14.0467 ,-7.3655 ,48.1386 ,3.0523 ,-2.7490 ,-5.1870 
2009-11-08,7.1584 ,5.8276 ,6.9424 ,5.4341 ,5.0166 ,7.8129 ,8.5075 ,9.2629 ,5.8151 ,6.1350 ,7.0950 ,7.8627 ,2.1653 ,8.1214 ,1.8790 ,4.0892 ,6.7661 ,9.6692 
2009-11-15,4.4929 ,-1.1532 ,3.0733 ,2.0379 ,1.1746 ,4.1580 ,1.9688 ,4.2596 ,0.8552 ,0.2191 ,0.3661 ,4.4217 ,3.0514 ,3.0305 ,4.6525 ,2.0062 ,2.6829 ,2.2042 
2009-11-22,6.4430 ,5.3489 ,4.4371 ,4.9630 ,3.6348 ,4.5022 ,3.7899 ,6.0184 ,4.9340 ,1.9839 ,5.2131 ,7.3158 ,7.2105 ,1.9685 ,6.3728 ,4.9604 ,4.0449 ,3.4052 
2009-11-29,-6.0432 ,-4.3476 ,-6.2018 ,-7.9689 ,-4.2015 ,-6.2409 ,-6.0120 ,-7.2217 ,-5.6952 ,-8.5587 ,-6.5318 ,-5.4222 ,-6.3379 ,-4.0289 ,-0.6850 ,-4.4176 ,-9.5244 ,-7.6839 
2009-12-06,11.8159 ,8.0158 ,7.0462 ,5.4017 ,6.4670 ,7.2732 ,7.2124 ,4.3508 ,5.1703 ,9.2933 ,5.7430 ,4.1170 ,7.7567 ,3.9017 ,-1.4344 ,3.5423 ,6.1948 ,9.9881 
2009-12-13,0.2298 ,-3.3856 ,0.5955 ,-1.5743 ,-0.7111 ,0.6414 ,-2.0932 ,0.2521 ,0.0799 ,-3.3472 ,-0.7746 ,1.0095 ,0.4650 ,0.2863 ,-3.1125 ,-0.8212 ,0.0925 ,-1.9460 
2009-12-20,-8.3353 ,-4.9062 ,-6.2823 ,-4.8068 ,-5.8966 ,-6.9131 ,-4.7923 ,-8.8300 ,-2.0556 ,-2.7875 ,-12.3409 ,-6.1278 ,-9.1748 ,-12.1570 ,-7.0461 ,-7.7547 ,-8.3401 ,-7.1665 
2009-12-27,3.3021 ,0.2889 ,4.3254 ,1.3843 ,-0.3104 ,4.1923 ,1.5620 ,5.3358 ,5.3518 ,-1.9463 ,0.7716 ,1.8177 ,0.3299 ,1.6176 ,-1.7008 ,3.4587 ,2.2346 ,3.8005 
2010-01-03,3.8561 ,3.1610 ,2.4501 ,2.8100 ,3.0010 ,3.4033 ,3.4377 ,3.1250 ,1.9308 ,7.6771 ,2.8872 ,5.6846 ,4.8853 ,3.1351 ,4.3156 ,3.2473 ,2.0838 ,3.8901 
2010-01-10,-0.1880 ,-1.3674 ,-0.8579 ,-1.2525 ,-1.6156 ,-1.4943 ,-0.7432 ,1.4598 ,1.5453 ,-3.5608 ,-2.4811 ,-1.1410 ,-1.5698 ,-1.8635 ,-3.3451 ,1.9716 ,3.0800 ,3.5242 
2010-01-17,4.0674 ,-1.9075 ,4.4295 ,2.4899 ,1.7611 ,4.1427 ,5.8991 ,5.4700 ,10.1072 ,-3.3754 ,-0.4899 ,4.7941 ,6.7490 ,3.9510 ,8.3045 ,8.1418 ,3.8421 ,3.9362 
2010-01-24,-3.0370 ,-6.6748 ,-5.3918 ,-3.2518 ,-2.5837 ,-3.5487 ,-1.1380 ,-1.5971 ,-6.4442 ,0.1999 ,-2.5663 ,-1.6321 ,-6.5670 ,-1.5647 ,-9.1614 ,-2.5993 ,-3.2663 ,-3.4800 
2010-01-31,2.1013 ,-4.9906 ,-3.3802 ,-3.6955 ,-3.9338 ,-3.4574 ,-5.2554 ,-3.9284 ,-1.5661 ,-6.8229 ,-5.5896 ,-1.8181 ,-1.4047 ,-1.5772 ,-1.4056 ,-2.5662 ,-5.2134 ,-4.5599 
2010-02-07,-0.2896 ,-2.0970 ,-2.5171 ,-0.3811 ,0.2552 ,-0.9393 ,-0.7050 ,2.6471 ,-5.4090 ,-0.1225 ,0.5600 ,-0.1907 ,-2.9792 ,0.7853 ,-2.8300 ,0.8788 ,0.5052 ,2.2222 
2010-02-14,1.7002 ,4.6760 ,3.0090 ,1.5595 ,1.4793 ,2.7265 ,2.1040 ,1.6054 ,3.8264 ,2.9604 ,2.0953 ,1.5810 ,4.4389 ,1.1701 ,10.6478 ,3.2127 ,1.1010 ,1.5217 
2010-02-28,4.2935 ,-0.9108 ,4.1761 ,3.8376 ,3.2237 ,3.5939 ,3.7940 ,4.9966 ,3.5360 ,-0.8029 ,3.1455 ,3.7359 ,4.2374 ,2.1021 ,6.4249 ,4.5317 ,5.8041 ,3.7473 
2010-03-07,-1.2173 ,-1.5782 ,-0.7874 ,-0.3439 ,-0.8328 ,-0.8844 ,0.1311 ,-1.6304 ,-1.5979 ,0.3178 ,-1.0300 ,-1.4067 ,0.3622 ,-1.0409 ,3.1080 ,-2.4338 ,0.5049 ,1.1352 
2010-03-14,-3.9537 ,0.0253 ,-1.9377 ,-2.0322 ,-1.2301 ,-2.4145 ,-3.1165 ,-2.4815 ,-1.9403 ,1.0433 ,-0.4419 ,-1.7302 ,1.4530 ,-2.1594 ,2.5278 ,-1.5152 ,-3.3492 ,0.8163 
2010-03-21,2.4935 ,1.4062 ,2.7578 ,2.5914 ,2.8007 ,2.6196 ,4.0971 ,3.4273 ,4.0377 ,1.5175 ,5.0275 ,4.0779 ,5.4284 ,4.5620 ,4.9315 ,3.9844 ,3.4138 ,5.3644 
2010-03-28,-0.7478 ,-0.6429 ,0.4368 ,-0.0629 ,0.2738 ,-0.2338 ,0.2283 ,2.0276 ,1.0639 ,-0.5421 ,-1.5218 ,0.7145 ,4.3266 ,1.5483 ,15.1592 ,1.9948 ,0.2544 ,-0.0961 
2010-04-04,0.8764 ,6.0617 ,3.7918 ,3.0729 ,3.6893 ,3.7466 ,1.9947 ,3.5089 ,3.2331 ,3.9146 ,5.2861 ,1.5455 ,2.1292 ,5.3024 ,-3.3579 ,2.4185 ,4.2821 ,2.7885 
2010-04-11,1.7825 ,-0.4537 ,1.7774 ,0.5108 ,-0.5321 ,1.5331 ,1.6438 ,0.9917 ,2.6354 ,-1.5293 ,-3.8359 ,3.8859 ,11.3277 ,-1.6018 ,9.1355 ,4.0520 ,2.6231 ,2.7128 
2010-04-18,1.0261 ,0.9817 ,-0.2289 ,-0.2379 ,-2.2817 ,0.2364 ,0.0043 ,-1.5553 ,-2.5709 ,-1.2447 ,-4.9123 ,-1.0522 ,-0.8366 ,-4.8866 ,-2.3630 ,-1.1194 ,-0.5055 ,-6.5574 
2010-04-25,2.1867 ,-3.1929 ,-1.0433 ,-0.6146 ,-3.7662 ,-0.3462 ,-4.7089 ,-1.7049 ,-0.2889 ,-7.2771 ,-10.8847 ,1.3284 ,3.1909 ,2.3615 ,7.7616 ,0.6602 ,2.6800 ,0.1950 
2010-05-02,-8.3039 ,-3.6928 ,-8.0223 ,-5.8959 ,-6.4835 ,-8.6099 ,-6.1069 ,-9.5751 ,-6.6686 ,-0.7878 ,-4.3804 ,-7.5386 ,-10.6673 ,-6.4113 ,-11.1601 ,-8.1795 ,-6.1055 ,-6.2257 
2010-05-09,7.9608 ,-8.0577 ,-3.1410 ,-4.4498 ,-5.9779 ,-3.0644 ,-5.9053 ,-5.2496 ,-4.3488 ,-8.8651 ,-8.8734 ,-0.6380 ,-6.2267 ,-8.2742 ,1.0290 ,3.2755 ,-3.4551 ,0.5187 
2010-05-16,-8.3355 ,1.3555 ,-2.2802 ,-1.2440 ,-0.9540 ,-2.0457 ,-1.2860 ,-3.3913 ,-3.6904 ,2.2867 ,0.9212 ,-5.9566 ,-8.8532 ,-2.2153 ,-10.9505 ,-6.6741 ,-4.8192 ,-11.7647 
2010-05-23,-4.0216 ,-4.7230 ,-3.7467 ,-5.8085 ,-3.6056 ,-5.0151 ,-6.5790 ,-7.9758 ,-4.4951 ,-3.7845 ,-1.4472 ,-4.9775 ,-4.1267 ,-3.2764 ,1.4815 ,-4.8242 ,-4.2969 ,-9.4737 
2010-05-30,6.5144 ,4.8564 ,5.3930 ,3.8570 ,3.6139 ,5.8280 ,5.3251 ,7.0293 ,6.9755 ,1.1535 ,2.8172 ,4.9250 ,6.9360 ,5.8315 ,14.1120 ,8.6642 ,10.0873 ,6.8475 
2010-06-06,-3.0645 ,-4.5430 ,-3.3051 ,-3.4719 ,-2.9128 ,-2.1109 ,-4.6250 ,-2.5177 ,-1.8296 ,-4.1029 ,-2.8808 ,-1.0570 ,1.4115 ,-2.6510 ,8.2140 ,-2.0817 ,-4.8978 ,-3.6276 
2010-06-13,2.5258 ,0.4989 ,2.5408 ,0.2704 ,2.5084 ,2.9732 ,1.8841 ,3.3436 ,3.9065 ,-1.0328 ,1.0611 ,6.4049 ,5.7842 ,3.6945 ,10.2747 ,3.1059 ,3.3751 ,2.8858 
2010-06-20,-5.4759 ,-1.9201 ,-5.2903 ,-2.7652 ,-2.7316 ,-5.0296 ,-2.4232 ,-4.4373 ,-6.4102 ,-0.0693 ,-0.5498 ,-5.6306 ,-8.9204 ,-4.7606 ,-10.9701 ,-5.7637 ,-4.1806 ,-5.2439 
2010-06-27,2.5390 ,-0.8640 ,0.8824 ,1.1955 ,1.6514 ,2.0059 ,1.2690 ,2.4674 ,3.1916 ,3.7296 ,2.5239 ,3.7114 ,5.3882 ,3.3531 ,-3.0073 ,-0.5947 ,2.1784 ,4.2471 
2010-07-04,-12.4476 ,-11.3275 ,-10.2630 ,-5.5773 ,-4.7027 ,-10.0709 ,-8.7477 ,-9.2294 ,-9.7580 ,-4.5546 ,-6.8842 ,-7.5578 ,-14.7929 ,-13.0069 ,-12.7533 ,-11.3615 ,-11.8030 ,-8.1481 
2010-07-11,5.4506 ,4.8549 ,6.4088 ,2.4572 ,3.9796 ,6.0608 ,4.7190 ,6.6587 ,3.6184 ,3.1821 ,4.9341 ,6.1230 ,4.6848 ,5.2001 ,11.0868 ,1.7841 ,7.3226 ,4.1667 
2010-07-18,-1.0280 ,-1.6992 ,-1.2023 ,-0.3380 ,-1.2111 ,-1.4115 ,-1.6138 ,-1.0757 ,-3.2954 ,-1.4793 ,0.6899 ,-0.7324 ,-2.2241 ,-0.8423 ,-7.1877 ,2.0926 ,-0.7531 ,5.0323 
2010-07-25,6.8133 ,8.7941 ,7.5346 ,4.8285 ,6.5236 ,6.4971 ,7.0871 ,4.7213 ,7.0101 ,5.4466 ,6.7674 ,4.2733 ,5.8641 ,7.0879 ,11.2594 ,5.3268 ,5.7553 ,2.4570 
2010-08-01,5.0840 ,3.4611 ,3.9519 ,3.1284 ,2.8891 ,3.8002 ,3.3052 ,5.2227 ,3.0105 ,1.3543 ,4.7040 ,4.9696 ,2.5112 ,3.0707 ,3.6050 ,3.8277 ,2.7627 ,2.1583 
2010-08-08,9.4268 ,1.4067 ,3.6341 ,1.5938 ,1.7124 ,5.3868 ,2.0006 ,3.3879 ,2.5983 ,-0.7315 ,-1.3128 ,3.8736 ,1.7691 ,3.1695 ,1.8870 ,2.7391 ,3.4015 ,3.4038 
2010-08-15,-0.6677 ,-0.8300 ,-0.6449 ,-1.5016 ,-1.0630 ,-0.4164 ,-2.7316 ,-0.0699 ,-1.1649 ,-3.0234 ,2.4944 ,2.0777 ,2.6473 ,-0.5914 ,0.3660 ,-2.2315 ,-2.0424 ,1.4756 
2010-08-22,0.6537 ,3.0423 ,1.2618 ,0.8450 ,1.4984 ,1.2636 ,1.7054 ,-1.1902 ,1.3290 ,1.9424 ,-1.2468 ,1.5939 ,-1.1490 ,1.3299 ,-4.5151 ,0.8438 ,1.0055 ,1.0067 
2010-08-29,3.2251 ,-1.9445 ,1.0953 ,-0.6348 ,-0.2367 ,2.7757 ,-1.2037 ,2.3713 ,0.4368 ,-2.6650 ,-2.5106 ,3.3380 ,0.6633 ,-0.2324 ,1.3060 ,0.7326 ,-0.0919 ,1.2182 
2010-09-05,4.5847 ,2.9148 ,5.6468 ,0.9801 ,2.1459 ,4.3218 ,1.0629 ,5.1547 ,5.2158 ,0.0473 ,-0.4549 ,4.2030 ,4.5939 ,0.7400 ,2.5425 ,2.8656 ,2.7467 ,5.2517 
2010-09-12,0.6761 ,0.8476 ,1.9406 ,0.5398 ,-1.1280 ,1.0900 ,-0.0956 ,2.1896 ,1.7241 ,-1.5317 ,-3.0434 ,-0.0354 ,11.1678 ,-0.6156 ,0.0377 ,-1.2921 ,4.0926 ,-0.5197 
2010-09-19,-1.9056 ,-2.3656 ,-2.1280 ,-0.3361 ,-3.5764 ,-2.6468 ,-2.0928 ,-2.4169 ,-0.1709 ,-3.6472 ,-0.8965 ,-1.3127 ,-4.7434 ,-0.1833 ,-5.3051 ,1.8552 ,-0.9053 ,-4.0752 
2010-09-26,-1.1048 ,-1.1671 ,-0.9137 ,-1.4300 ,-0.0607 ,0.2056 ,-0.0977 ,-0.7498 ,-2.3808 ,0.6357 ,-1.5048 ,-0.3225 ,-3.1227 ,-0.1310 ,-6.1716 ,-1.8806 ,-1.6480 ,-0.3268 
2010-10-03,4.5485 ,8.2981 ,2.8713 ,1.5379 ,1.5996 ,2.2252 ,0.1109 ,0.9365 ,1.0113 ,1.0911 ,3.1455 ,0.8222 ,0.2953 ,2.6597 ,3.0080 ,0.3317 ,2.1490 ,4.9181 
2010-10-10,3.0019 ,7.4366 ,2.7543 ,2.0161 ,2.1188 ,2.1781 ,2.8766 ,1.4179 ,1.8705 ,3.8632 ,1.3453 ,1.6885 ,2.2276 ,1.4271 ,2.1944 ,1.4967 ,3.6298 ,1.0417 
2010-10-17,-0.6575 ,16.3168 ,0.5614 ,4.9373 ,3.3650 ,-3.7041 ,7.5307 ,-6.7548 ,-2.9083 ,14.9260 ,7.3298 ,-6.5867 ,-3.1964 ,-0.7045 ,-1.4719 ,-4.6693 ,1.9718 ,-4.9485 
2010-10-24,1.5970 ,1.5318 ,4.7367 ,0.6460 ,2.2832 ,3.4463 ,0.7016 ,1.7497 ,4.0746 ,-0.7297 ,-2.8551 ,3.8388 ,5.8381 ,2.1468 ,7.1034 ,2.4556 ,3.4894 ,1.5184 
2010-10-31,2.0822 ,-0.3146 ,3.1180 ,0.6506 ,1.5384 ,0.9781 ,1.1783 ,1.4372 ,4.9214 ,-2.2186 ,3.3938 ,2.6404 ,4.2688 ,0.5641 ,11.2993 ,7.7194 ,2.4102 ,3.6325 
2010-11-07,7.7315 ,5.1775 ,4.2854 ,4.0663 ,6.0031 ,4.6074 ,3.5874 ,5.4115 ,3.5257 ,4.2856 ,3.1844 ,7.5717 ,5.4003 ,4.6960 ,2.6057 ,2.0531 ,11.6970 ,5.6701 
2010-11-14,-1.9881 ,-2.8506 ,-4.4409 ,-4.2492 ,-5.6656 ,-3.7446 ,-6.9862 ,-5.8528 ,-1.9727 ,-7.9250 ,-8.6032 ,0.8223 ,-0.5797 ,-6.9279 ,-5.3983 ,-4.3788 ,-5.4961 ,-10.4390 
2010-11-21,-3.5630 ,-8.8210 ,-0.4619 ,-2.3814 ,-0.5565 ,-2.1073 ,-2.7160 ,0.9755 ,0.9250 ,-3.3583 ,-2.1580 ,2.6261 ,7.1991 ,-0.5734 ,8.6526 ,-0.5976 ,2.5247 ,3.0501 
2010-11-28,1.4651 ,-0.1757 ,3.4989 ,1.1686 ,0.9578 ,1.7142 ,-1.2825 ,3.1303 ,3.3006 ,-1.7428 ,0.0454 ,2.7863 ,3.8115 ,3.3905 ,6.2504 ,1.0590 ,3.0538 ,12.3679 
2010-12-05,0.1758 ,-2.2331 ,-2.2279 ,-0.3198 ,-0.6264 ,-2.8909 ,-1.3769 ,-3.0945 ,-2.9576 ,-0.1964 ,0.0687 ,-3.2756 ,-2.8210 ,-1.7064 ,-3.8172 ,-3.5992 ,-1.8050 ,-4.1392 
2010-12-12,-3.4157 ,1.8019 ,-0.4924 ,-1.6214 ,1.1237 ,-0.7891 ,-1.1104 ,0.1639 ,1.3976 ,0.2849 ,-2.3806 ,-2.7045 ,-0.8425 ,1.3839 ,4.0623 ,-1.6147 ,-1.4151 ,-5.3974 
2010-12-19,7.4867 ,4.2075 ,3.7712 ,2.4979 ,3.0375 ,2.5527 ,2.4742 ,3.7706 ,3.9466 ,-0.8673 ,3.2647 ,2.8087 ,4.6176 ,3.5288 ,4.0801 ,6.8592 ,2.2545 ,6.0166 
2010-12-26,-4.6395 ,-2.0556 ,-4.4999 ,-3.4395 ,-3.0773 ,-4.9896 ,-1.9680 ,-4.8351 ,-4.9479 ,-0.0948 ,3.5227 ,-4.2118 ,-7.3837 ,-1.8954 ,-5.5627 ,-3.7659 ,-6.2038 ,0.8806 
2011-01-02,-0.9331 ,2.2329 ,-0.0402 ,-2.1649 ,-1.1454 ,-0.9423 ,-1.8534 ,-0.5689 ,-2.4064 ,-2.5093 ,-5.9832 ,-1.8071 ,-0.3472 ,-3.0640 ,0.3044 ,-1.0366 ,-0.8198 ,-10.3783 
2011-01-09,2.5108 ,-0.4147 ,0.4569 ,0.6655 ,2.5521 ,-0.0524 ,1.2477 ,-0.0458 ,-0.4086 ,2.0768 ,6.5013 ,-0.5090 ,-0.5399 ,2.2248 ,-2.9928 ,-0.7343 ,-0.9384 ,1.9480 
2011-01-16,-6.2541 ,-4.6207 ,-4.5917 ,-2.5333 ,-1.6314 ,-3.8367 ,-0.8029 ,-3.6410 ,-3.9595 ,-1.1708 ,-0.4349 ,-3.8944 ,-6.4477 ,-3.4838 ,-8.3530 ,-4.4348 ,-0.5273 ,-5.4140 
2011-01-23,-3.5454 ,-4.2845 ,-3.7204 ,-2.9931 ,-0.2442 ,-4.3639 ,-1.8035 ,-2.2719 ,-4.3445 ,-3.2322 ,-6.3130 ,-5.9154 ,-3.6460 ,-4.5304 ,-4.4619 ,-5.5215 ,-5.3607 ,0.2245 
2011-01-30,0.1495 ,0.3493 ,1.6237 ,1.4181 ,3.0976 ,0.8570 ,2.4340 ,1.7348 ,1.9831 ,0.4521 ,-1.4875 ,2.9329 ,1.1937 ,-0.7936 ,0.7372 ,0.0367 ,2.4961 ,10.1904 
2011-02-06,3.0608 ,3.2401 ,1.5308 ,1.7132 ,1.4411 ,1.5125 ,0.3180 ,0.7011 ,0.8114 ,0.8707 ,0.4783 ,1.2196 ,2.8120 ,1.8680 ,2.0895 ,1.7160 ,2.6961 ,-3.0488 
2011-02-13,7.2294 ,-1.3388 ,3.3881 ,1.8901 ,1.4533 ,2.9215 ,1.2139 ,3.0142 ,2.3352 ,0.3349 ,2.3746 ,2.1956 ,2.5102 ,3.8852 ,3.1635 ,1.8292 ,3.7983 ,1.4675 
2011-02-20,0.5895 ,5.5143 ,3.5733 ,1.9995 ,0.6495 ,1.4673 ,3.5181 ,2.6074 ,2.1995 ,3.1177 ,1.1145 ,0.3914 ,3.3109 ,2.1455 ,-1.7146 ,1.0987 ,3.5533 ,1.6529 
2011-02-27,2.2503 ,1.2100 ,0.8253 ,0.8992 ,-0.6671 ,1.6964 ,-1.8431 ,-1.1740 ,0.9489 ,-1.6494 ,-0.5266 ,1.0817 ,-0.6431 ,0.9268 ,1.1521 ,1.9894 ,6.9837 ,3.6585 
2011-03-06,-0.7865 ,1.5728 ,0.8657 ,1.7730 ,-0.5979 ,2.8338 ,1.6970 ,1.6966 ,-0.4988 ,4.8467 ,3.8242 ,3.2566 ,-0.0501 ,4.5917 ,-0.1468 ,-0.0990 ,-2.3937 ,1.9608 
2011-03-13,0.0608 ,0.4528 ,0.9350 ,-0.1132 ,0.1765 ,0.9999 ,-0.6165 ,1.7507 ,0.7572 ,-2.3900 ,-0.3063 ,1.3183 ,1.9190 ,-0.2502 ,1.5754 ,0.6189 ,0.3182 ,-1.7308 
2011-03-20,-2.1523 ,-0.9925 ,0.1102 ,1.2768 ,-1.0215 ,-1.7254 ,-2.3139 ,-0.2064 ,-2.1049 ,-1.9374 ,-0.0514 ,-2.6460 ,0.2624 ,-0.9164 ,-3.0354 ,-0.7341 ,-2.4882 ,5.0881 
2011-03-27,-0.5419 ,4.0723 ,1.2486 ,1.2326 ,1.6772 ,0.9595 ,1.6821 ,1.5492 ,1.0165 ,3.3757 ,5.8730 ,-0.0857 ,6.2936 ,2.3027 ,-0.2850 ,3.4422 ,2.8865 ,-0.0931 
2011-04-03,-5.3159 ,0.6892 ,-2.8907 ,-1.8594 ,-1.9606 ,-2.6198 ,-1.2797 ,-0.3616 ,-3.6093 ,2.1162 ,0.1652 ,-3.1225 ,3.0324 ,-2.5443 ,-3.8826 ,-1.9667 ,-4.6544 ,-2.1435 
2011-04-10,0.8333 ,2.9815 ,1.9447 ,2.1573 ,2.1084 ,1.9729 ,1.0572 ,1.5501 ,1.7382 ,2.9088 ,1.7316 ,0.7751 ,3.9572 ,0.5433 ,2.2922 ,0.2672 ,4.7999 ,3.1429 
2011-04-17,1.7248 ,-1.8291 ,-0.5070 ,2.3912 ,0.8548 ,1.0708 ,1.5199 ,0.8026 ,0.5404 ,2.1217 ,-0.3524 ,1.8721 ,1.7994 ,0.7731 ,-0.0890 ,-1.0632 ,3.5173 ,3.6011 
2011-04-24,-0.5535 ,-0.5586 ,-0.5238 ,0.7465 ,-0.2964 ,-0.0027 ,0.2627 ,0.5972 ,1.0813 ,-3.4769 ,-1.1872 ,1.2984 ,1.1078 ,1.2748 ,-2.0046 ,-1.2393 ,-3.3953 ,4.5455 
2011-05-01,-7.1964 ,-4.5432 ,-5.9033 ,-2.1062 ,-4.9650 ,-4.6972 ,-4.0378 ,-6.1729 ,-6.4795 ,-1.1574 ,-5.2161 ,-8.7878 ,2.1738 ,-8.0347 ,-2.7126 ,-5.5550 ,-5.8443 ,-12.4467 
2011-05-08,0.1395 ,-6.8701 ,0.0235 ,1.1181 ,-1.5831 ,0.7950 ,1.0491 ,0.2807 ,0.3657 ,-3.4306 ,-0.3128 ,0.6277 ,2.1484 ,-2.1248 ,1.8404 ,2.4148 ,0.3124 ,0.1947 
2011-05-15,-0.0547 ,1.2076 ,0.4366 ,1.6769 ,0.9287 ,1.2060 ,-0.5812 ,0.5072 ,0.3323 ,0.3178 ,2.7659 ,-2.6474 ,-3.1257 ,1.2728 ,0.3422 ,-0.5307 ,-0.1530 ,2.8183 
2011-05-22,-0.1382 ,0.5277 ,-0.5948 ,-3.6663 ,-1.1060 ,-0.7865 ,-1.9722 ,-1.4614 ,-0.8419 ,0.4763 ,-0.6154 ,-0.2526 ,-5.6622 ,-0.3808 ,-2.2452 ,-0.7857 ,1.7597 ,2.7410 
2011-05-29,-4.1899 ,-4.2709 ,-7.6786 ,-7.8031 ,-7.5050 ,-8.1686 ,-6.5109 ,-6.5807 ,-7.2192 ,-3.6964 ,-6.7582 ,-8.5433 ,-6.5562 ,-9.2112 ,-4.8773 ,-6.8092 ,-6.7192 ,-9.2916 
2011-06-05,2.8945 ,2.1014 ,2.6601 ,1.1036 ,1.2972 ,1.0399 ,1.0022 ,-0.9668 ,0.8266 ,-1.6946 ,-1.0507 ,1.4515 ,0.1672 ,1.1481 ,0.1391 ,1.1917 ,-2.4127 ,-6.0852 
2011-06-12,-1.6273 ,-0.9218 ,-0.5823 ,-0.9706 ,-0.5053 ,-0.5356 ,-1.0438 ,-0.2892 ,-0.6920 ,-1.3118 ,1.4631 ,-1.1668 ,0.5822 ,1.8632 ,-2.2558 ,-1.2993 ,-0.2132 ,0.1080 
2011-06-19,-2.5846 ,-2.1320 ,-2.8326 ,-4.0541 ,-0.0591 ,-3.3590 ,-3.3975 ,-4.1195 ,-3.0248 ,-2.0297 ,-0.6540 ,-4.6490 ,-1.8242 ,-2.3213 ,-3.8646 ,-3.0058 ,-1.7226 ,-4.4229 
2011-06-26,2.2122 ,4.6050 ,4.5774 ,2.8213 ,5.3556 ,3.3557 ,3.3656 ,2.6769 ,2.7407 ,6.1625 ,4.2714 ,6.1474 ,3.4961 ,3.6388 ,2.7503 ,2.5516 ,5.0932 ,14.3341 
2011-07-03,2.1813 ,3.4254 ,2.1159 ,0.5048 ,1.8053 ,1.5838 ,0.4203 ,1.6993 ,1.8289 ,-1.5184 ,2.9167 ,1.7106 ,4.6498 ,2.3681 ,2.4119 ,1.3736 ,2.7071 ,-2.4679 
2011-07-10,3.8083 ,2.7545 ,2.9780 ,2.6304 ,1.6009 ,2.7964 ,2.2518 ,2.4008 ,3.9852 ,1.6866 ,1.9958 ,2.3575 ,4.5987 ,2.9889 ,2.3606 ,3.3638 ,6.1748 ,0.7085 
2011-07-17,3.4041 ,2.3429 ,2.8744 ,0.9897 ,1.2535 ,2.9852 ,1.0206 ,2.1186 ,3.1461 ,-0.6733 ,-2.3401 ,3.1740 ,3.2075 ,1.1173 ,6.9522 ,2.8121 ,4.3211 ,3.0151 
2011-07-24,-1.4756 ,-2.7124 ,-1.6781 ,-1.4706 ,-2.7708 ,-0.9998 ,-2.8339 ,2.7271 ,-2.4231 ,-2.4095 ,-0.7034 ,-0.2779 ,-3.3365 ,-2.6149 ,4.2222 ,-1.3889 ,-0.9139 ,-2.1461 
2011-07-31,-3.6897 ,-2.2974 ,-3.2962 ,-3.8632 ,-4.1244 ,-3.8440 ,-2.6483 ,-2.5451 ,-2.7265 ,-2.6842 ,-3.2730 ,-2.3985 ,1.2649 ,-2.0277 ,-0.4228 ,-2.8870 ,-4.5642 ,-8.6000 
2011-08-07,1.0142 ,-0.8351 ,-1.8032 ,-2.2745 ,-1.9976 ,-1.3738 ,-2.4957 ,-3.9052 ,-1.0459 ,-4.0122 ,-0.8391 ,-2.1668 ,5.5225 ,-0.5844 ,4.8797 ,0.9047 ,-1.1487 ,-2.4070 
2011-08-14,1.5370 ,-1.9922 ,-1.1194 ,-2.2911 ,-0.9243 ,0.0940 ,-1.1408 ,-2.5342 ,-0.5733 ,-0.5080 ,1.3112 ,0.2952 ,6.1205 ,1.8547 ,2.4800 ,-0.2157 ,-1.0188 ,-1.9058 
2011-08-21,-3.3678 ,-3.0709 ,-2.5241 ,-2.4568 ,-3.7006 ,-2.0019 ,-2.4948 ,-2.6606 ,-1.3038 ,-0.4758 ,-2.5547 ,-0.9334 ,-0.7802 ,-1.8408 ,-1.0123 ,-1.3052 ,-2.5893 ,-4.2286 
2011-08-28,1.3356 ,2.2336 ,2.9409 ,3.3234 ,4.2556 ,2.3990 ,3.6368 ,4.4362 ,4.0511 ,5.0432 ,3.3995 ,2.8631 ,-0.9612 ,3.1738 ,4.8494 ,4.0168 ,3.5278 ,6.5632 
2011-09-04,-2.5925 ,-3.6082 ,-3.6840 ,-4.0087 ,-4.2757 ,-3.3743 ,-4.3980 ,0.5201 ,-3.5978 ,-2.9648 ,-4.3503 ,-2.6247 ,-5.5690 ,-3.8798 ,-3.8388 ,-2.5174 ,-4.6008 ,-5.1512 
2011-09-11,-0.0679 ,-2.0259 ,-2.8911 ,-1.3129 ,-2.7936 ,-2.4485 ,-0.6883 ,-1.5677 ,-2.6764 ,-0.1378 ,-1.8185 ,-2.1142 ,-0.1535 ,-1.2138 ,2.9307 ,-2.2167 ,-3.0112 ,3.1877 
2011-09-18,-2.5406 ,-0.5837 ,-0.4701 ,-0.4084 ,0.1236 ,-0.6701 ,-0.2898 ,-2.1221 ,0.6122 ,-0.5330 ,-0.0885 ,-1.7426 ,-0.8260 ,-0.3929 ,-1.6596 ,-0.3666 ,0.4019 ,-2.1739 
2011-09-25,-1.5227 ,-1.9571 ,-2.0860 ,-2.0590 ,-2.7082 ,-2.9915 ,-2.4082 ,1.0777 ,-1.6500 ,-2.1298 ,-5.8805 ,-0.4530 ,-1.8154 ,-2.7536 ,-2.3737 ,-0.0643 ,-3.8474 ,-1.7544 
2011-10-02,-8.3132 ,-2.9336 ,-5.2315 ,-4.2143 ,-5.0947 ,-5.2296 ,-4.2134 ,-7.1184 ,-5.3798 ,-3.8257 ,-6.0313 ,-7.5805 ,-3.0455 ,-7.2385 ,-7.5291 ,-1.4793 ,-2.8089 ,-6.9047 
2011-10-16,3.5091 ,-0.4666 ,3.0515 ,3.2567 ,4.1202 ,2.5129 ,4.2141 ,5.3424 ,3.3211 ,5.5839 ,1.9834 ,3.3911 ,7.3182 ,2.7506 ,11.8896 ,9.2650 ,1.2788 ,5.3708 
2011-10-23,-6.5943 ,-8.9480 ,-7.6327 ,-5.3476 ,-6.7114 ,-6.9918 ,-5.1742 ,-5.6215 ,-4.8543 ,-2.5663 ,-7.1024 ,-5.4362 ,-3.9274 ,-6.1005 ,-4.1233 ,-7.3794 ,-7.5113 ,-8.9806 
2011-10-30,7.4373 ,9.8923 ,7.5725 ,7.8580 ,8.9341 ,8.4551 ,6.4056 ,4.4530 ,8.4900 ,6.5891 ,11.3744 ,9.0343 ,2.3675 ,14.0460 ,7.9539 ,15.8147 ,8.6252 ,11.4666 
2011-11-06,6.3885 ,1.6193 ,3.5042 ,2.9369 ,3.1935 ,2.8571 ,1.6487 ,2.9458 ,6.7320 ,1.2651 ,1.1755 ,4.5165 ,4.2812 ,2.9146 ,6.9433 ,6.1270 ,3.9788 ,3.2297 
2011-11-13,-2.0456 ,-1.0923 ,-1.6161 ,-0.5436 ,-3.7809 ,-1.9934 ,-1.9438 ,-0.8098 ,-1.2485 ,-2.9670 ,-3.5744 ,-1.1182 ,-0.5206 ,-1.2932 ,0.8680 ,1.1594 ,2.0046 ,1.5064 
2011-11-20,-2.0306 ,-3.3391 ,-2.4811 ,-1.1189 ,-3.4247 ,-2.6755 ,-3.0552 ,-2.3708 ,-2.2386 ,-3.6124 ,-3.0209 ,-2.0006 ,-1.4720 ,-3.2653 ,-1.9235 ,-3.1404 ,-3.7206 ,-4.6804 
2011-11-27,-0.1919 ,-3.1180 ,-1.1506 ,-0.2146 ,-1.8417 ,-2.1488 ,-1.6571 ,-0.7877 ,-0.0733 ,-1.7149 ,-1.2115 ,-1.1200 ,-2.2904 ,1.2358 ,-1.9685 ,-0.0297 ,-1.3581 ,-2.7545 
2011-12-04,-1.5758 ,-0.7347 ,-2.3453 ,-3.7866 ,-1.0431 ,-3.4628 ,-1.9577 ,-3.5263 ,-3.6118 ,1.2607 ,0.3083 ,-3.4173 ,-1.8396 ,-0.6957 ,4.1494 ,-4.9784 ,-1.4321 ,-5.4188 
2011-12-11,-3.5433 ,-3.1996 ,-4.2307 ,-2.5907 ,-3.0263 ,-4.4473 ,-2.3333 ,-3.5507 ,-2.8462 ,0.0062 ,0.1161 ,-3.6334 ,-0.9994 ,-1.3995 ,-1.7350 ,0.1370 ,-3.3159 ,-1.5625 
2011-12-18,-7.2680 ,-8.1451 ,-6.2266 ,-1.7711 ,-6.3463 ,-4.7345 ,-4.2687 ,-10.5121 ,-4.1284 ,-2.7899 ,-5.2950 ,-5.1740 ,-6.6259 ,-2.6287 ,-4.3520 ,-4.9305 ,-8.2097 ,-7.6719 
2011-12-25,-3.9424 ,-1.2599 ,-2.7302 ,-0.1639 ,-2.1220 ,-2.8085 ,-1.6307 ,-4.2148 ,-1.1668 ,-1.5387 ,-1.2500 ,0.1936 ,-0.6369 ,-1.5334 ,-2.4636 ,-3.0464 ,-4.5196 ,-6.3037 
2012-01-01,-0.7096 ,0.6258 ,-1.9726 ,-1.1684 ,-1.1981 ,-1.7306 ,-1.4880 ,-1.1011 ,-2.0944 ,0.4168 ,-1.0068 ,-3.5165 ,-2.7814 ,-0.9811 ,0.3576 ,-4.6763 ,-4.9702 ,-4.2814 
2012-01-08,-10.0444 ,-2.0396 ,-5.3835 ,-3.4663 ,-5.0165 ,-4.7964 ,-2.2338 ,-5.5348 ,-6.4818 ,0.4780 ,-4.0230 ,-7.7745 ,-3.1943 ,-7.5426 ,-8.8835 ,-3.1729 ,-5.0224 ,-8.1470 
2012-01-15,5.3205 ,8.8914 ,4.6213 ,2.5479 ,4.5864 ,3.1362 ,3.2842 ,5.1249 ,1.1594 ,3.5313 ,4.2083 ,6.1363 ,1.5764 ,0.8084 ,-2.6398 ,-0.4145 ,9.3846 ,5.0435 
2012-01-22,3.3790 ,5.0601 ,2.5820 ,2.2947 ,4.1050 ,3.2736 ,4.0935 ,2.4456 ,-1.0268 ,5.8162 ,4.4848 ,-1.0438 ,-0.7931 ,2.6373 ,-3.9106 ,-3.5414 ,1.9386 ,3.3112 
2012-02-05,2.6809 ,0.1784 ,1.6568 ,0.6711 ,0.8055 ,1.6600 ,0.0207 ,1.3693 ,2.8047 ,0.3560 ,0.2216 ,2.6137 ,1.4092 ,2.6299 ,4.6522 ,5.5566 ,1.8464 ,4.0064 
2012-02-12,3.3269 ,2.1186 ,2.8586 ,0.3789 ,2.7241 ,2.1978 ,0.8434 ,2.2963 ,2.6905 ,-0.4467 ,3.6421 ,2.6279 ,1.1648 ,-0.3248 ,1.3101 ,2.2925 ,2.2455 ,5.7011 
2012-02-19,0.6706 ,0.0995 ,1.9147 ,2.3484 ,0.1909 ,1.8899 ,1.1436 ,3.7349 ,2.9325 ,-0.6881 ,0.4511 ,3.8785 ,5.2944 ,2.5919 ,2.7098 ,2.9457 ,1.1312 ,3.6443 
2012-02-26,4.0646 ,4.9300 ,4.7489 ,1.8919 ,5.5852 ,3.9297 ,3.3156 ,3.8875 ,7.0989 ,3.0544 ,10.3590 ,3.7101 ,6.6941 ,4.5643 ,3.0266 ,6.3678 ,5.1438 ,1.5471 
2012-03-04,3.4797 ,0.2042 ,1.1188 ,1.5181 ,0.5855 ,0.2883 ,0.8567 ,0.6392 ,-0.1125 ,1.2257 ,1.6149 ,0.5040 ,0.6949 ,1.5303 ,-1.9102 ,0.4502 ,0.4385 ,0.8310 
2012-03-11,-0.4502 ,-0.9183 ,1.2769 ,0.1250 ,0.2719 ,3.2613 ,-0.3952 ,3.5908 ,0.5670 ,-1.7645 ,-0.0406 ,2.3115 ,-0.4927 ,0.3558 ,2.1461 ,3.0523 ,0.4171 ,4.9450 
2012-03-18,-0.1834 ,-2.6787 ,-0.9685 ,-2.2472 ,-2.0239 ,1.0728 ,-2.7121 ,0.8355 ,-1.7072 ,-1.5096 ,-6.2750 ,-1.3489 ,0.2116 ,-3.0624 ,-1.2297 ,-3.2035 ,-3.9425 ,-2.6178 
2012-03-25,-3.7238 ,-1.1523 ,-3.1107 ,-2.0660 ,-1.8868 ,-4.4328 ,-1.8656 ,-2.1697 ,-3.9847 ,-2.5088 ,-1.1590 ,-4.2680 ,-7.8232 ,-2.2067 ,-5.7320 ,-2.4560 ,-3.5971 ,-4.0323 
2012-04-01,-9.0920 ,-6.3295 ,-6.9487 ,-4.7620 ,-4.9493 ,-6.0947 ,-3.7886 ,-4.5564 ,-5.8445 ,-1.6324 ,-1.2496 ,-6.9079 ,5.2736 ,-3.8503 ,-4.5594 ,-7.8190 ,-4.6522 ,-8.1233 
2012-04-08,4.3391 ,3.0189 ,3.8187 ,1.9855 ,3.6102 ,3.8358 ,1.8664 ,2.9482 ,3.3162 ,1.7380 ,3.0570 ,5.0247 ,1.7273 ,3.5232 ,0.7609 ,3.7642 ,5.0840 ,4.4207 
2012-04-15,1.2523 ,3.3964 ,2.6873 ,2.4516 ,2.3655 ,3.4887 ,2.2930 ,3.8912 ,1.7088 ,2.7226 ,4.4935 ,5.1874 ,1.9117 ,3.4113 ,2.3705 ,1.4668 ,5.5089 ,6.5693 
2012-04-22,1.0824 ,1.3788 ,1.2430 ,1.3337 ,3.0148 ,2.0427 ,2.2278 ,0.3679 ,0.9898 ,3.3893 ,2.1602 ,2.2830 ,-1.6533 ,0.4322 ,2.1963 ,2.3567 ,1.3379 ,1.9178 
2012-04-29,-0.0777 ,0.3513 ,-1.6878 ,-0.7670 ,-0.5164 ,-1.7535 ,-0.8972 ,-1.3708 ,-3.5090 ,-0.4419 ,2.3124 ,-1.0473 ,-2.4857 ,-1.6879 ,-4.9864 ,-4.0588 ,-2.3886 ,-0.5376 
2012-05-06,3.1345 ,4.4809 ,3.3484 ,1.8134 ,2.0586 ,2.1940 ,2.2364 ,3.1563 ,3.6270 ,2.5138 ,1.5407 ,1.4372 ,2.1735 ,2.4960 ,4.7524 ,2.6387 ,5.5390 ,-4.0541 
2012-05-13,-1.6571 ,-3.4539 ,-1.2269 ,0.0137 ,-1.5003 ,-1.7320 ,-2.7367 ,7.1916 ,-1.4359 ,-3.3818 ,-2.9808 ,-1.3706 ,-2.6603 ,-0.5213 ,0.4529 ,-0.2418 ,-1.4090 ,-1.2676 
2012-05-20,-2.9099 ,-3.3615 ,-2.4631 ,-0.5588 ,-2.5231 ,-1.6944 ,1.2666 ,3.1352 ,-2.3247 ,-1.1180 ,-1.8217 ,-0.2556 ,0.1547 ,-0.6225 ,-4.9693 ,-2.0895 ,-2.3615 ,1.2839 
2012-05-27,-2.1030 ,0.0491 ,-0.2080 ,-1.8205 ,2.9340 ,-3.4118 ,-2.5193 ,0.9344 ,-1.6844 ,-0.8252 ,2.6528 ,-1.8395 ,-0.6036 ,0.0827 ,0.2677 ,-2.5689 ,0.1412 ,-1.8310 
2012-06-03,3.3246 ,1.5581 ,3.1888 ,1.9120 ,3.9361 ,2.5016 ,1.7112 ,-0.2523 ,2.0612 ,2.1358 ,3.7123 ,4.3911 ,1.8782 ,4.4288 ,3.2914 ,2.2668 ,3.5233 ,0.5739 
2012-06-10,-5.0373 ,-5.0070 ,-4.3213 ,-0.2249 ,-3.9291 ,-5.0372 ,-4.0481 ,-5.0839 ,-4.1313 ,-3.9658 ,-3.4600 ,-3.7200 ,-5.0648 ,-1.0170 ,0.5141 ,-4.6916 ,-5.4097 ,-6.5620 
2012-06-17,4.1658 ,-0.0856 ,2.2978 ,4.8046 ,2.7165 ,3.0453 ,0.1416 ,3.8159 ,2.4110 ,3.0997 ,2.2025 ,2.6638 ,5.0462 ,3.4060 ,3.9935 ,2.3628 ,1.0542 ,3.3588 
2012-06-24,-2.8798 ,-2.8343 ,-1.6519 ,-1.1751 ,-1.3824 ,-1.7551 ,-0.7541 ,-2.2216 ,0.2169 ,-1.9691 ,-1.6066 ,-2.4626 ,1.0145 ,-0.8084 ,-1.1139 ,-0.2515 ,-3.6175 ,-1.7726 
2012-07-01,-1.7526 ,-4.3420 ,-2.7372 ,-1.4162 ,-2.1174 ,-2.5118 ,-1.3339 ,-3.7570 ,-4.1736 ,0.7738 ,-3.1682 ,-2.0959 ,-0.7640 ,-1.7671 ,1.0111 ,-3.0387 ,-4.1869 ,-3.4586 
2012-07-08,3.7545 ,1.0614 ,0.7870 ,0.5316 ,-0.0544 ,-0.1305 ,-0.7444 ,4.8120 ,0.3758 ,-0.7887 ,4.8448 ,1.5178 ,-0.9247 ,4.6656 ,3.9478 ,-0.1325 ,-0.6628 ,-0.1558 
2012-07-15,2.0427 ,-0.9372 ,-1.0166 ,-0.7436 ,0.0027 ,-2.2562 ,-1.0415 ,0.5943 ,-2.6131 ,-1.9266 ,-2.4285 ,-0.2616 ,-8.8617 ,-0.0439 ,0.3183 ,1.3402 ,-0.5384 ,-2.3401 
2012-07-22,-1.0250 ,-0.7277 ,-2.6409 ,-0.6065 ,-0.9362 ,-2.0609 ,-1.4211 ,-0.1436 ,-1.6299 ,0.5380 ,-4.8403 ,-1.4488 ,-2.6593 ,-4.1955 ,-3.4169 ,-1.6759 ,-2.8911 ,-0.3195 
2012-07-29,-2.8539 ,-1.6030 ,-2.0324 ,-2.5104 ,-2.8338 ,-2.4225 ,-2.1511 ,-2.4199 ,-0.0348 ,-2.3162 ,-3.5752 ,-3.4319 ,-4.5273 ,-4.0901 ,-1.0150 ,0.9042 ,-3.2950 ,-1.7629 
2012-08-05,-2.2811 ,-0.1798 ,-0.6210 ,0.5161 ,-0.2586 ,-0.9301 ,-0.4631 ,-1.5262 ,0.5386 ,1.2572 ,-3.2492 ,-0.1551 ,-2.6748 ,1.4507 ,3.9864 ,0.3399 ,-1.8531 ,-2.9364 
2012-08-12,5.4687 ,3.1527 ,3.8642 ,1.1476 ,4.6049 ,3.9194 ,1.3163 ,4.2394 ,4.0656 ,0.7923 ,3.3865 ,2.4341 ,9.1225 ,2.3448 ,3.1757 ,2.1909 ,8.0456 ,3.0253 
2012-08-19,-2.5723 ,-2.0643 ,-3.3058 ,-2.3867 ,-3.3809 ,-2.3539 ,-3.4014 ,-3.2142 ,-1.8432 ,-4.3497 ,-2.8039 ,-3.1825 ,-2.6756 ,-2.7737 ,-4.1287 ,-1.5704 ,-4.7246 ,-2.9364 
2012-08-26,0.0426 ,-1.4898 ,-0.3619 ,-0.1121 ,-3.2639 ,-0.7179 ,-0.9752 ,0.6596 ,1.7392 ,-1.4195 ,-3.6516 ,-0.5829 ,3.3483 ,-0.7481 ,2.6794 ,0.2890 ,0.5806 ,1.6807 
2012-09-02,-6.4751 ,-5.4164 ,-4.0178 ,-3.1364 ,-3.1443 ,-3.4978 ,-2.5336 ,-3.5195 ,-2.4911 ,-0.9628 ,-2.1022 ,-2.8388 ,-2.3126 ,-1.8054 ,-4.5215 ,-1.9244 ,0.9602 ,-1.4876 
2012-09-09,6.8916 ,6.7500 ,6.1354 ,3.5855 ,7.6502 ,5.5486 ,2.9467 ,5.7214 ,6.5736 ,3.7801 ,6.8562 ,4.6089 ,7.2027 ,6.9095 ,2.9328 ,5.4284 ,5.8125 ,5.0336 
2012-09-16,-0.5253 ,2.0404 ,0.5340 ,-2.3098 ,-1.2416 ,0.0360 ,-0.8145 ,-0.6206 ,-1.0406 ,-1.0284 ,-1.5326 ,-0.1372 ,-0.2368 ,-0.9901 ,-2.6348 ,-0.8409 ,1.0693 ,-0.6390 
2012-09-23,-5.7245 ,-3.3908 ,-6.2228 ,-4.6273 ,-5.8471 ,-5.3797 ,-4.0770 ,-2.5491 ,-5.0057 ,-4.4201 ,-5.9853 ,-4.9892 ,-7.1688 ,-5.6435 ,-8.0313 ,-6.0104 ,-5.9922 ,-6.1093 
2012-09-30,1.0099 ,3.5812 ,2.5370 ,1.8607 ,3.7848 ,2.5018 ,1.3664 ,0.6191 ,0.8440 ,4.8659 ,4.6608 ,1.3085 ,-0.3170 ,1.7279 ,0.3056 ,0.8538 ,3.0141 ,0.5137 
2012-10-14,1.7364 ,-0.3471 ,1.3384 ,0.5657 ,0.8133 ,0.6677 ,1.2863 ,2.2061 ,1.0565 ,0.7988 ,0.4189 ,1.4870 ,5.3302 ,0.1787 ,0.9129 ,2.7344 ,7.7565 ,3.7479 
2012-10-21,0.0603 ,-0.1021 ,1.4919 ,0.3674 ,2.1591 ,1.4332 ,1.4403 ,-4.5051 ,0.0962 ,1.1196 ,3.1536 ,2.5717 ,-1.4797 ,2.6731 ,2.4418 ,1.3187 ,-1.5711 ,0.3284 
2012-10-28,-4.6498 ,-4.7928 ,-4.1095 ,1.0295 ,-3.5749 ,-3.8530 ,-1.4443 ,-3.0542 ,-4.3210 ,-3.3683 ,-2.7998 ,-3.4289 ,-2.3982 ,-3.4850 ,-5.8426 ,-2.7195 ,-2.1624 ,-3.7643 
2012-11-04,1.7693 ,2.0813 ,2.4675 ,0.5881 ,4.0414 ,1.1934 ,1.9716 ,0.8966 ,0.3152 ,2.1731 ,7.7756 ,2.5960 ,3.9222 ,3.9477 ,4.0607 ,2.5816 ,4.4099 ,3.2313 
2012-11-11,-2.3266 ,-2.7734 ,-3.5258 ,-1.7618 ,-3.5065 ,-3.2575 ,-3.2679 ,-3.2041 ,-4.6076 ,-2.5185 ,-4.4243 ,-3.4292 ,-5.5862 ,-4.7875 ,-4.4522 ,-3.0341 ,-2.8665 ,-3.7891 
2012-11-18,-2.6210 ,-4.2131 ,-3.3461 ,-2.1104 ,-1.8489 ,-4.2038 ,-2.3286 ,-3.5578 ,-3.3604 ,-2.5547 ,-2.6402 ,-4.7794 ,-3.7506 ,-2.0920 ,-2.6665 ,-4.6487 ,-3.0577 ,-4.7945 
2012-11-25,3.2122 ,0.7927 ,-0.0470 ,1.7933 ,0.7001 ,-0.0465 ,1.2980 ,1.7532 ,-0.8983 ,1.3418 ,1.8131 ,0.0991 ,0.0498 ,0.0911 ,-2.2176 ,-0.4702 ,2.2759 ,0.7195 
2012-12-02,-9.4332 ,-4.0120 ,-5.3739 ,-3.4946 ,-2.0787 ,-6.3012 ,-2.2736 ,-5.9438 ,-6.6503 ,-2.2616 ,-1.7664 ,-7.3632 ,-7.2272 ,-4.9451 ,-3.5416 ,-7.6353 ,-5.5747 ,-8.0358 
2012-12-09,6.5988 ,3.7654 ,3.7354 ,3.9039 ,7.6503 ,4.1815 ,3.9631 ,3.3122 ,4.6637 ,7.8613 ,6.0436 ,3.3228 ,5.4617 ,5.7662 ,3.4372 ,-0.4667 ,5.4080 ,3.4952 
2012-12-16,6.8595 ,3.7099 ,3.5599 ,2.6641 ,4.6569 ,4.0440 ,3.1627 ,4.1089 ,3.0077 ,7.1283 ,5.5139 ,5.2814 ,1.1300 ,3.8933 ,1.9966 ,2.3089 ,1.6069 ,3.7523 
2012-12-23,1.0284 ,2.8340 ,1.6757 ,-0.5960 ,0.0283 ,0.9705 ,0.5065 ,0.4955 ,0.5239 ,0.3097 ,-2.2545 ,0.9552 ,3.4435 ,-1.3687 ,0.0545 ,1.4496 ,0.0671 ,-0.7233 
2012-12-30,1.7590 ,3.3642 ,4.0909 ,3.8704 ,5.0657 ,4.7874 ,3.4975 ,4.1275 ,5.0155 ,5.4206 ,8.5447 ,4.3865 ,4.3836 ,8.5949 ,4.9671 ,5.3706 ,4.9455 ,4.9180 
2013-01-06,-0.2338 ,0.9546 ,0.3634 ,0.6411 ,1.3270 ,1.1077 ,0.5060 ,-0.6885 ,0.1323 ,3.7287 ,3.0790 ,-0.2947 ,2.3686 ,1.4118 ,-2.5436 ,1.3131 ,-0.2810 ,0.3472 
2013-01-13,1.4669 ,-1.6657 ,1.1194 ,-1.2724 ,-3.2290 ,0.1496 ,-1.1895 ,3.8035 ,3.7132 ,-3.4767 ,-2.8645 ,0.3721 ,0.6768 ,-2.2913 ,3.0341 ,1.8512 ,1.1326 ,-1.5571 
2013-01-20,6.5684 ,4.1306 ,5.4656 ,5.8453 ,4.4303 ,5.3506 ,3.7723 ,2.7754 ,4.5198 ,4.6535 ,4.4503 ,6.0496 ,5.4092 ,6.1732 ,4.1094 ,4.6025 ,7.6568 ,4.3937 
2013-01-27,-1.8201 ,-3.5564 ,-2.5808 ,-2.8176 ,-3.5764 ,-2.7405 ,-0.9969 ,-3.1470 ,-2.5471 ,1.5778 ,-2.0311 ,-2.2392 ,-4.4959 ,-4.6941 ,0.0527 ,-1.5079 ,-0.7663 ,-1.3468 
2013-02-03,2.4109 ,4.6353 ,3.3578 ,4.5247 ,2.4063 ,3.7684 ,3.6321 ,4.6538 ,2.9880 ,13.0960 ,2.5866 ,5.5125 ,7.5960 ,3.0274 ,-1.0918 ,2.4879 ,5.1464 ,5.6314 
2013-02-10,-0.9214 ,2.5956 ,3.5647 ,0.6097 ,5.7107 ,3.0294 ,1.3690 ,4.0649 ,3.5313 ,-2.5502 ,1.2909 ,3.2780 ,7.3637 ,4.2889 ,7.1476 ,3.2819 ,-0.6803 ,1.2924 
2013-02-24,-0.5455 ,-7.3603 ,-2.2674 ,-1.9628 ,-4.5533 ,-3.0881 ,-2.2972 ,-0.3633 ,-0.6315 ,-9.1002 ,-4.8578 ,-0.7636 ,2.0801 ,-1.6930 ,4.5673 ,3.0797 ,-1.7106 ,12.9186 
2013-03-03,0.9055 ,0.4205 ,2.4907 ,3.6866 ,1.1825 ,1.1379 ,1.1381 ,-0.0316 ,3.3669 ,5.3858 ,2.9342 ,1.0601 ,9.4779 ,3.1657 ,1.2913 ,3.8843 ,6.4164 ,11.5819 
2013-03-10,-1.5102 ,-2.2771 ,-1.1227 ,1.5108 ,-4.2577 ,-1.9780 ,-0.5646 ,-1.1213 ,-0.4652 ,-2.6633 ,-8.2499 ,-0.7600 ,-4.4969 ,-4.5511 ,-5.5931 ,-1.3719 ,-1.3505 ,-5.8228 
2013-03-17,-6.1835 ,-1.5629 ,-2.5293 ,-1.8078 ,-2.5228 ,-2.8179 ,-1.4950 ,-3.1030 ,-3.0317 ,-3.3113 ,-3.2519 ,-1.5298 ,-2.8909 ,-1.2587 ,0.3993 ,-5.0135 ,0.0724 ,-10.3494 
2013-03-24,1.4775 ,0.9906 ,2.5040 ,4.5697 ,1.4482 ,2.7943 ,1.5378 ,1.6296 ,3.3144 ,4.4268 ,5.2122 ,2.3850 ,4.6367 ,5.3445 ,0.2243 ,2.5214 ,5.6952 ,1.3493 
2013-03-31,-1.8690 ,-4.6166 ,-2.9972 ,-3.0795 ,-1.6095 ,-3.1897 ,-3.3108 ,-4.1754 ,-2.0801 ,-7.9520 ,-2.7155 ,-1.7331 ,-4.3556 ,-2.6823 ,-4.2322 ,-3.3803 ,-2.8888 ,0.0000 
2013-04-07,-0.3543 ,-1.1384 ,-1.6544 ,-0.8666 ,-1.1715 ,-0.9708 ,-1.6443 ,-1.7487 ,-0.9242 ,0.1684 ,1.7513 ,-2.7676 ,-1.6552 ,-1.5460 ,-1.1214 ,-3.0438 ,-3.5736 ,0.0000 
2013-04-14,-2.0378 ,-1.6713 ,0.0440 ,-1.4178 ,1.3420 ,-1.2557 ,-2.2542 ,-2.4316 ,0.6958 ,-1.3649 ,-0.5074 ,0.2158 ,2.2581 ,-1.0729 ,4.1620 ,0.8128 ,-1.3116 ,0.0000 
2013-04-21,1.2514 ,-1.4481 ,2.4147 ,1.2367 ,3.6639 ,2.2184 ,1.9722 ,1.2022 ,3.7821 ,4.5193 ,6.1700 ,4.3693 ,7.8867 ,3.5712 ,3.0328 ,5.7458 ,2.1121 ,0.0000 
2013-04-28,-3.1474 ,-3.1702 ,-3.4090 ,-3.6302 ,-3.9798 ,-4.0498 ,-2.9078 ,-2.8320 ,0.5579 ,-3.2448 ,-6.2335 ,-0.1196 ,-2.9884 ,-4.6139 ,-4.0891 ,3.0853 ,-5.5594 ,0.0000 
2013-05-05,2.1409 ,-0.5902 ,2.0111 ,2.6056 ,2.2692 ,1.5154 ,0.4585 ,0.6428 ,3.4394 ,2.8950 ,2.8295 ,3.3445 ,4.5684 ,2.3107 ,2.0264 ,5.2339 ,1.4827 ,0.0000 
2013-05-12,1.8144 ,2.2128 ,3.7173 ,3.6530 ,3.3665 ,3.2650 ,1.5699 ,2.7890 ,6.7192 ,0.1569 ,1.6526 ,1.1745 ,5.6542 ,3.7040 ,5.7244 ,4.4117 ,5.5336 ,0.0000 
2013-05-19,3.0750 ,1.6140 ,2.3784 ,2.2005 ,3.8394 ,2.1308 ,0.6785 ,3.1788 ,5.0924 ,1.5075 ,4.6009 ,5.9687 ,4.2455 ,5.9128 ,8.6676 ,6.2875 ,2.0402 ,0.0000 
2013-05-26,2.9955 ,-0.5644 ,2.1803 ,-0.9846 ,1.6071 ,1.6436 ,0.5608 ,1.7400 ,6.2415 ,-0.4637 ,0.7534 ,2.2227 ,3.2743 ,-0.0511 ,8.8545 ,7.6840 ,3.5520 ,0.0000 
2013-06-02,0.9836 ,0.5599 ,0.6755 ,1.2193 ,0.5084 ,1.7726 ,1.4964 ,6.0035 ,-1.5631 ,1.0980 ,1.5383 ,0.4531 ,3.2832 ,2.9650 ,4.2554 ,-0.8847 ,2.6677 ,0.0000 
2013-06-09,-5.2984 ,-3.8078 ,-4.9226 ,-4.1006 ,-6.0460 ,-4.6624 ,-3.4730 ,-5.6759 ,-5.3662 ,-4.6045 ,-5.2501 ,-3.5509 ,-6.5325 ,-4.6639 ,-5.7521 ,-3.4110 ,-4.9152 ,0.0000 
2013-06-16,-2.8021 ,-3.8145 ,-1.1827 ,-3.2061 ,-0.8946 ,-1.8583 ,-2.7483 ,-2.3967 ,2.9193 ,-2.7794 ,-3.4505 ,-0.3157 ,-0.4623 ,1.5397 ,5.0536 ,3.4229 ,-0.7517 ,0.0000 
2013-06-23,-3.2853 ,-6.1107 ,-3.3697 ,-3.6618 ,-4.8092 ,-4.1815 ,-3.4858 ,-5.3353 ,-3.0542 ,-4.0567 ,-3.9210 ,-4.3070 ,-6.0720 ,-6.0615 ,-7.2494 ,2.7432 ,-3.1097 ,0.0000 
2013-06-30,-9.1775 ,-9.5801 ,-6.0126 ,-4.2357 ,-4.4828 ,-6.8214 ,-6.4241 ,-7.6351 ,-0.8490 ,-4.8344 ,-4.1417 ,-2.0671 ,-12.0346 ,-4.0354 ,2.1116 ,-2.6845 ,-5.9438 ,0.0000 
2013-07-07,4.2097 ,2.6493 ,4.2804 ,2.1050 ,1.6321 ,3.3063 ,1.1340 ,3.2855 ,5.2021 ,-0.9012 ,3.4636 ,3.6756 ,7.8484 ,2.0733 ,3.0779 ,7.8632 ,-0.8354 ,0.0000 
2013-07-14,1.3167 ,1.6395 ,1.1651 ,2.0673 ,0.7866 ,2.2660 ,1.2751 ,1.6395 ,4.3860 ,4.6080 ,2.8645 ,4.8674 ,1.4115 ,4.1110 ,8.7968 ,9.0740 ,-3.2142 ,0.0000 
2013-07-21,-2.6437 ,-4.5068 ,-1.6653 ,-3.5131 ,-2.9751 ,-0.0625 ,-3.0188 ,0.2454 ,5.6850 ,-4.1933 ,-5.3746 ,1.8872 ,1.8021 ,0.4469 ,3.4267 ,7.0539 ,-7.2371 ,0.0000 
2013-07-28,1.9394 ,1.3986 ,3.4761 ,2.3280 ,1.6495 ,2.0869 ,1.9950 ,4.3538 ,4.4472 ,0.4033 ,0.4759 ,2.1211 ,2.7148 ,6.7169 ,5.1203 ,8.6249 ,0.6530 ,0.0000 
2013-08-04,2.9643 ,1.9318 ,0.9987 ,0.8163 ,1.2165 ,0.9561 ,1.2141 ,1.7377 ,1.4872 ,0.7650 ,4.5810 ,2.2077 ,-0.7836 ,2.7811 ,0.1557 ,2.3337 ,0.9686 ,0.0000 
2013-08-11,5.0249 ,2.8422 ,2.9763 ,1.8048 ,-0.3662 ,4.8486 ,0.8468 ,6.4652 ,-2.0741 ,0.4433 ,0.8643 ,3.0879 ,-0.0504 ,-2.0129 ,-1.5584 ,-0.5931 ,6.0882 ,0.0000 
2013-08-18,-1.8564 ,1.9815 ,-1.8055 ,-0.3329 ,-0.8436 ,-1.6959 ,2.7757 ,-1.3332 ,-0.2452 ,3.3310 ,0.7353 ,-4.6483 ,-3.1263 ,-2.5611 ,-4.2869 ,-4.7433 ,-2.0422 ,0.0000 
2013-08-25,3.3945 ,-1.7346 ,1.9103 ,-1.7293 ,-0.7403 ,2.9736 ,1.5648 ,1.7448 ,7.6252 ,-1.9556 ,-1.8860 ,5.4175 ,5.4436 ,1.0638 ,7.6215 ,9.7140 ,0.8501 ,0.0000 
2013-09-01,-1.7208 ,1.8790 ,-0.6730 ,1.8512 ,2.3662 ,5.1314 ,13.9683 ,3.0250 ,-4.6311 ,2.9829 ,3.7729 ,0.4910 ,-2.9615 ,-2.4138 ,-4.1858 ,-1.8643 ,3.0019 ,46.4497 
2013-09-08,10.8759 ,0.9001 ,2.9495 ,0.2322 ,1.3967 ,0.9612 ,1.3270 ,0.8601 ,6.9660 ,2.6822 ,0.6152 ,4.0751 ,3.5846 ,4.0198 ,11.6021 ,18.3767 ,4.0088 ,61.1111 
2013-09-15,2.5143 ,2.5853 ,1.1354 ,3.5024 ,3.4850 ,5.8351 ,6.1811 ,3.2005 ,-0.9496 ,9.9643 ,4.5660 ,3.6877 ,0.4241 ,3.9002 ,-3.1762 ,-2.0849 ,2.5234 ,-10.0940 
2013-09-22,-4.5825 ,-2.7781 ,-1.0915 ,-1.4469 ,-2.0915 ,2.2424 ,-3.6839 ,4.6502 ,2.7839 ,-2.7511 ,-3.8077 ,7.2464 ,0.9014 ,0.7986 ,1.0325 ,4.7787 ,-0.5878 ,-1.9526 
2013-09-29,0.8280 ,-1.3926 ,0.7338 ,-2.3330 ,-3.5749 ,3.0305 ,-3.9018 ,-4.3371 ,2.6643 ,-4.1745 ,-3.5513 ,1.2635 ,1.2429 ,-1.2710 ,2.5346 ,5.6250 ,-2.6452 ,-7.4680 
2013-10-06,4.5941 ,0.4321 ,0.8826 ,0.8772 ,0.5581 ,2.3907 ,1.4615 ,1.4684 ,3.3933 ,-0.0649 ,0.8105 ,3.1961 ,1.9311 ,2.4857 ,6.2355 ,6.0295 ,0.6657 ,5.9185 
2013-10-13,6.6552 ,1.2951 ,3.1646 ,2.7422 ,3.0186 ,6.3038 ,4.7555 ,4.6189 ,3.7613 ,1.5763 ,4.8229 ,3.2448 ,3.1543 ,7.5919 ,0.8391 ,-7.9803 ,10.7445 ,6.7489 
2013-10-20,1.4331 ,-0.3551 ,-0.9916 ,1.8136 ,-0.6264 ,-3.2741 ,-3.0650 ,2.5901 ,-1.5707 ,-3.0600 ,-3.2993 ,-2.6137 ,1.9571 ,0.1387 ,4.2930 ,-7.6786 ,-0.2963 ,-11.9646 
2013-10-27,-5.5776 ,-2.5953 ,-2.8093 ,-1.3282 ,-2.0821 ,-6.3496 ,-3.6293 ,-8.8667 ,-9.0854 ,-0.8163 ,-3.4309 ,-5.1943 ,-5.1503 ,-3.6566 ,-5.5604 ,-9.0224 ,-3.3144 ,7.4903 
2013-11-03,-2.3113 ,-0.5042 ,-2.4492 ,1.7024 ,-0.6200 ,-2.9020 ,1.9170 ,-2.6899 ,-3.7566 ,2.9934 ,0.6151 ,-3.9243 ,-7.9963 ,-5.3192 ,-2.9019 ,-8.2929 ,-3.8545 ,2.1552 
2013-11-10,2.1225 ,-0.9648 ,-2.4801 ,-0.5206 ,-2.0167 ,-0.8269 ,-1.7721 ,1.1709 ,-1.9191 ,-4.4585 ,-2.5884 ,-2.5169 ,-0.7520 ,0.2881 ,-1.6910 ,-2.5154 ,0.8223 ,-2.4613 
2013-11-17,0.5283 ,0.3986 ,3.9793 ,-1.0657 ,1.6407 ,2.2122 ,-0.0833 ,-1.2624 ,5.7537 ,0.9264 ,0.3222 ,0.8173 ,2.6872 ,2.3531 ,8.2474 ,7.3940 ,0.0807 ,1.0815 
2013-11-24,6.8613 ,3.0648 ,2.0243 ,1.5029 ,1.3760 ,3.6669 ,5.3829 ,3.0374 ,2.9489 ,3.5592 ,0.5898 ,1.6848 ,2.0693 ,0.4588 ,-1.7606 ,3.8121 ,1.9554 ,19.1156 
2013-12-01,0.6526 ,0.1768 ,3.7358 ,0.5322 ,2.1985 ,1.5560 ,2.0954 ,3.2662 ,4.4589 ,0.9271 ,1.0026 ,2.6653 ,6.0633 ,2.4528 ,4.4499 ,4.9840 ,1.1149 ,0.0000 
2013-12-08,-1.5306 ,0.0663 ,-1.4931 ,1.8313 ,1.4923 ,-2.2800 ,0.3380 ,-1.2895 ,-8.4931 ,1.5371 ,-0.2096 ,-7.2858 ,-7.7055 ,-5.1319 ,-13.5740 ,-7.1688 ,-3.9913 ,-32.3353 
2013-12-15,0.4107 ,-2.8569 ,0.3371 ,-1.6405 ,-0.9066 ,0.2284 ,-0.5211 ,1.3531 ,2.9726 ,-3.0676 ,0.4687 ,3.8235 ,5.3490 ,2.7621 ,0.7418 ,4.7400 ,-1.2594 ,3.3628 
2013-12-22,-4.3224 ,-5.5303 ,-4.4445 ,-4.3065 ,-6.1593 ,-4.6803 ,-4.6458 ,-4.8343 ,-4.9615 ,-5.2270 ,-6.3330 ,-3.6418 ,-4.6447 ,-4.4319 ,1.0295 ,-6.7389 ,-6.5447 ,-10.4452 
2013-12-29,-3.0690 ,-0.4441 ,2.3531 ,0.0637 ,-0.2015 ,-0.1514 ,-0.3854 ,-0.2837 ,3.8450 ,1.3784 ,0.1378 ,1.5555 ,7.5784 ,1.2249 ,5.8266 ,-1.2100 ,0.1304 ,14.3403 
2014-01-05,0.3023 ,-1.3314 ,0.9048 ,-0.7286 ,-1.3998 ,0.3902 ,-0.5223 ,0.7750 ,3.0072 ,-1.2510 ,-0.9802 ,3.2548 ,1.0193 ,-0.3933 ,2.1841 ,4.3370 ,-0.5964 ,7.2743 
2014-01-12,-8.4795 ,-4.3335 ,-4.5734 ,-4.9418 ,-6.9678 ,-4.8777 ,-5.8744 ,-4.0530 ,-0.9104 ,-1.7790 ,-6.5932 ,-3.5347 ,-3.8729 ,-2.5667 ,-3.5799 ,-0.4669 ,-7.3635 ,5.0662 
2014-01-19,0.4761 ,0.2908 ,0.7392 ,-0.1749 ,-0.5289 ,0.5801 ,-0.9834 ,2.0860 ,2.5956 ,-1.2158 ,-1.1320 ,1.8137 ,3.2310 ,-3.8598 ,9.6431 ,2.6101 ,-4.2162 ,5.7864 
2014-01-26,3.7416 ,2.2800 ,4.4904 ,3.3275 ,4.2889 ,6.2935 ,3.8289 ,4.7860 ,8.9991 ,1.2834 ,8.0978 ,9.7587 ,6.8004 ,8.0586 ,2.6795 ,10.0464 ,4.1752 ,29.0323 
2014-02-02,-5.1156 ,-2.4778 ,-1.1168 ,-0.6856 ,-2.6788 ,0.4204 ,-0.2096 ,0.0003 ,3.8497 ,-0.9051 ,-2.6725 ,-0.6801 ,2.4800 ,-1.3825 ,-0.5135 ,2.2958 ,-1.0091 ,-6.0326 
2014-02-09,2.4951 ,0.4865 ,1.7720 ,0.7937 ,0.5544 ,1.0155 ,0.6435 ,1.5232 ,2.6444 ,-0.3477 ,0.6631 ,2.4932 ,1.6579 ,1.1101 ,4.1684 ,2.8273 ,1.6702 ,1.2146 
2014-02-16,7.6677 ,3.8881 ,4.5397 ,3.1278 ,4.5085 ,5.0098 ,6.4198 ,6.0094 ,-0.4932 ,3.8649 ,3.2109 ,0.8095 ,3.8215 ,7.5055 ,6.2041 ,-4.1149 ,10.9329 ,0.6286 
2014-02-23,0.0141 ,-0.0710 ,0.0540 ,-0.5159 ,-0.2163 ,0.1533 ,-1.9052 ,0.2601 ,1.6559 ,-2.9109 ,-1.4307 ,-2.1611 ,-0.0992 ,-1.1822 ,0.8846 ,-1.3187 ,0.4955 ,18.1715 
2014-03-02,-6.9794 ,-2.6294 ,-3.8950 ,-0.9955 ,-5.3276 ,-5.0707 ,-4.0591 ,0.5131 ,-2.5255 ,-2.3160 ,-6.0619 ,-5.7344 ,-4.0730 ,-5.6816 ,6.7209 ,-6.8086 ,-2.3523 ,0.8650 
2014-03-09,0.4322 ,-0.1896 ,1.0345 ,-0.4159 ,1.5087 ,1.1650 ,1.2859 ,-0.0846 ,-0.1977 ,-1.5177 ,3.4996 ,0.9704 ,-1.5207 ,-0.1745 ,12.6035 ,4.0436 ,4.1260 ,3.9066 
2014-03-16,-4.7052 ,-3.2695 ,-2.2673 ,-1.9849 ,-3.0246 ,-5.7543 ,-4.2593 ,-2.5421 ,-4.2485 ,-1.9634 ,0.1587 ,-3.8180 ,-2.5401 ,-2.9277 ,-4.9975 ,-4.9121 ,-4.6988 ,-12.1962 
2014-03-23,2.0261 ,1.5505 ,0.8916 ,1.7116 ,2.9932 ,1.5211 ,2.9889 ,1.4699 ,1.7403 ,2.8921 ,5.7162 ,0.0559 ,2.6261 ,1.6835 ,-0.0200 ,-1.6854 ,0.3122 ,-0.0522 
2014-03-30,-1.8693 ,-2.0866 ,-3.0697 ,-0.4417 ,0.4100 ,-1.6625 ,2.0474 ,-1.4561 ,-7.6944 ,0.7019 ,2.4040 ,-1.8612 ,-7.6653 ,-2.4475 ,-5.9895 ,-6.2036 ,-1.9225 ,-8.4639 
2014-04-06,1.3009 ,0.9933 ,2.2387 ,1.5436 ,0.9741 ,0.9797 ,-1.2023 ,2.3146 ,1.8307 ,1.0601 ,2.3177 ,2.1695 ,-1.5034 ,-0.2566 ,-1.6718 ,3.4265 ,1.0618 ,-1.6553 
2014-04-13,1.6259 ,3.3338 ,2.6870 ,2.3809 ,2.8819 ,2.5625 ,4.1563 ,0.7184 ,2.8166 ,5.2512 ,-0.8031 ,4.1911 ,2.1704 ,0.2839 ,5.4400 ,2.4984 ,2.0248 ,12.9426 
2014-04-20,2.5380 ,-1.8299 ,-0.3292 ,-0.8450 ,-0.9923 ,0.5963 ,-0.8121 ,0.1531 ,1.0224 ,-2.9859 ,-0.6641 ,2.0579 ,-0.6980 ,1.0142 ,2.9704 ,-0.2299 ,0.7438 ,3.5457 
2014-04-27,-5.2033 ,-2.8353 ,-5.4534 ,-3.4202 ,-4.0206 ,-5.6223 ,-4.8982 ,-5.0837 ,-7.1909 ,-1.1782 ,-1.0543 ,-5.5207 ,-7.8395 ,-3.8494 ,-11.1114 ,-7.1890 ,-3.7449 ,-4.4169 
2014-05-04,-1.3632 ,-1.4644 ,-0.8215 ,-0.5804 ,-0.2070 ,-1.2475 ,0.1081 ,-0.1097 ,-0.6007 ,-0.0096 ,-2.3089 ,1.0860 ,0.4057 ,0.0089 ,0.0795 ,-0.1691 ,-4.7952 ,-0.9346 
2014-05-11,0.5962 ,1.4512 ,-0.9121 ,-0.7584 ,-0.9088 ,-1.7507 ,-0.9351 ,-1.4837 ,-2.7695 ,-0.3924 ,-3.2558 ,-2.1326 ,-3.3849 ,-1.5978 ,-7.0580 ,-2.0470 ,-0.7370 ,-4.7694 
2014-05-18,1.3766 ,1.8168 ,-0.0225 ,0.8668 ,0.5155 ,0.3943 ,1.3906 ,-1.2558 ,-0.5262 ,0.4962 ,2.1781 ,-1.0291 ,-0.6521 ,0.6126 ,-0.7688 ,-0.6668 ,0.7662 ,0.9356 
2014-05-25,1.0935 ,-0.5441 ,1.1751 ,1.3918 ,0.5491 ,1.1656 ,-0.5690 ,1.6818 ,6.5708 ,-0.2270 ,3.2024 ,3.5683 ,3.7655 ,2.0664 ,5.6359 ,5.0073 ,1.6647 ,2.8899 
2014-06-01,-1.2390 ,-0.3047 ,1.4522 ,-0.3120 ,0.4109 ,1.5257 ,-0.7942 ,0.9559 ,3.2398 ,0.0234 ,0.0634 ,0.4589 ,0.5161 ,0.3783 ,7.3555 ,-0.5711 ,0.3815 ,5.6174 
2014-06-08,-1.9139 ,-0.3166 ,-0.2872 ,0.0243 ,-0.9355 ,-0.8684 ,-0.5047 ,-4.1367 ,0.3256 ,-0.6459 ,-1.3580 ,0.9082 ,1.8509 ,1.1847 ,-0.1788 ,4.0325 ,1.6183 ,12.8951 
2014-06-15,1.6504 ,1.8993 ,2.4657 ,1.4130 ,1.4774 ,1.4412 ,1.4610 ,-0.7763 ,3.0501 ,2.5621 ,1.0314 ,1.2278 ,4.9061 ,2.2179 ,3.1022 ,3.7324 ,0.4526 ,-3.4222 
2014-06-22,-2.5877 ,-0.6194 ,-2.4182 ,-1.9142 ,-2.0582 ,-4.0127 ,-1.9801 ,-4.1326 ,-2.9889 ,-1.0801 ,-2.0989 ,-4.2836 ,-0.9984 ,-1.4203 ,-5.7463 ,-4.5288 ,-2.7505 ,13.1155 
2014-06-29,3.7014 ,1.7709 ,3.3978 ,1.3226 ,1.9899 ,2.4658 ,1.3880 ,4.1819 ,4.3217 ,-0.3378 ,2.1643 ,4.8727 ,3.7595 ,3.1465 ,3.2374 ,4.4733 ,3.1895 ,12.0830 
2014-07-06,2.5714 ,1.8158 ,2.7000 ,2.3012 ,1.5467 ,2.6505 ,2.4241 ,3.7008 ,3.2961 ,1.5053 ,2.2349 ,-1.1109 ,7.3732 ,0.1909 ,5.1239 ,0.3114 ,2.9954 ,-4.5735 
2014-07-13,-1.1887 ,-0.6595 ,0.0657 ,1.5341 ,0.5454 ,-0.0319 ,-0.6105 ,-0.3459 ,-2.9329 ,-1.1569 ,1.6119 ,-2.6641 ,0.1140 ,-1.7207 ,-3.2129 ,-3.0462 ,-0.2506 ,-10.3081 
2014-07-20,2.2251 ,0.3952 ,0.2845 ,2.1386 ,1.6878 ,0.5557 ,1.8941 ,0.0094 ,-4.7346 ,0.9047 ,1.7381 ,-0.3934 ,-4.6200 ,0.7376 ,-4.0317 ,-3.7621 ,0.0966 ,6.0221 
2014-07-27,3.0284 ,5.5755 ,1.5374 ,2.2631 ,3.1627 ,1.7672 ,2.1742 ,-0.3727 ,0.1913 ,5.6978 ,5.1101 ,-2.0855 ,-0.7011 ,0.3424 ,-4.0374 ,-1.0444 ,1.9052 ,5.2400 
2014-08-03,4.2484 ,5.0356 ,3.3579 ,1.2519 ,2.1463 ,3.2586 ,1.5052 ,7.2026 ,2.5061 ,4.7961 ,-0.0934 ,4.7057 ,4.5857 ,5.4232 ,3.8321 ,3.7255 ,2.4611 ,-2.3565 
2014-08-10,1.4087 ,1.7249 ,2.4439 ,1.0662 ,1.2552 ,1.9846 ,1.9019 ,9.0382 ,3.8100 ,-1.0004 ,0.0997 ,3.2911 ,0.6133 ,-0.1137 ,1.5131 ,3.6333 ,1.1545 ,-0.2725 
2014-08-17,5.2845 ,1.1771 ,2.3733 ,2.2986 ,2.4120 ,2.5058 ,2.8810 ,3.7991 ,2.3920 ,1.1771 ,2.3426 ,1.8454 ,4.3188 ,2.6942 ,4.4033 ,1.0411 ,3.4628 ,6.9867 
2014-08-24,2.3494 ,0.1174 ,1.9567 ,2.3260 ,1.7957 ,3.0354 ,2.1667 ,4.5195 ,4.7179 ,-1.2389 ,1.5553 ,5.1284 ,3.7357 ,4.6666 ,4.6131 ,12.2240 ,9.2742 ,14.5932 
2014-08-31,-3.0559 ,-0.8954 ,-1.6241 ,-0.1808 ,-2.4699 ,-1.8558 ,-1.6564 ,-2.0973 ,-1.3053 ,-1.2402 ,-2.2291 ,-3.1846 ,-3.5237 ,-1.5603 ,-2.9208 ,-4.5746 ,-2.3090 ,-8.2139 
2014-09-07,4.3605 ,4.6325 ,5.6711 ,5.8853 ,5.5789 ,5.1012 ,8.8859 ,6.3411 ,6.7746 ,4.3478 ,5.6150 ,5.8794 ,7.3828 ,5.4709 ,1.4151 ,4.6472 ,4.2868 ,3.3299 
2014-09-14,4.3604 ,-0.1512 ,1.6920 ,2.4133 ,2.7053 ,3.1348 ,2.0758 ,8.9356 ,1.9187 ,-1.6946 ,0.6239 ,3.6563 ,1.3973 ,0.9523 ,0.2519 ,1.1870 ,2.8727 ,-1.4770 
2014-09-21,4.4377 ,-0.1394 ,-0.2909 ,1.4612 ,0.2890 ,0.8038 ,0.7163 ,3.2381 ,-0.5078 ,-0.1980 ,0.4525 ,-0.0053 ,0.7729 ,0.0817 ,-0.6105 ,-3.3853 ,-0.2560 ,-1.5332 
2014-09-28,4.9267 ,0.7185 ,1.7326 ,1.7770 ,2.6677 ,1.5363 ,1.9566 ,0.7941 ,3.4276 ,0.0882 ,0.9166 ,0.5039 ,3.0251 ,-0.3971 ,-0.5330 ,1.7605 ,1.9880 ,-2.2837 
2014-10-05,0.1809 ,1.2490 ,1.4803 ,1.4983 ,1.5066 ,1.3465 ,1.0305 ,2.7008 ,3.0913 ,0.2508 ,0.7785 ,3.5549 ,2.7709 ,0.3902 ,2.6492 ,1.9379 ,2.0973 ,-0.4957 
2014-10-12,1.6140 ,0.4599 ,1.4837 ,-0.0867 ,2.8136 ,0.6491 ,1.0452 ,0.5148 ,-0.3628 ,0.1097 ,3.5771 ,2.3274 ,1.7988 ,1.0076 ,0.7412 ,-0.6366 ,2.1959 ,2.5267 
2014-10-19,-4.1315 ,-2.8283 ,-2.0338 ,-2.4186 ,-2.8928 ,-2.5630 ,-2.6064 ,-5.5721 ,-2.8141 ,0.1908 ,-1.7918 ,-3.0049 ,-4.2087 ,-4.0537 ,-0.9748 ,-2.6327 ,-3.0435 ,-5.9007 
2014-10-26,-0.2230 ,-3.9489 ,-2.4161 ,-1.0519 ,-2.5218 ,-1.4722 ,-1.3200 ,-3.2876 ,-1.1822 ,-1.1099 ,-3.1123 ,-2.0114 ,-4.0381 ,-3.5841 ,0.9859 ,-1.8511 ,-3.5072 ,2.7665 
2014-11-02,3.2161 ,4.7584 ,4.3560 ,8.1827 ,7.6890 ,5.2645 ,10.8048 ,4.9243 ,4.2280 ,5.8475 ,5.6437 ,4.3206 ,4.6347 ,3.2614 ,3.1197 ,1.2993 ,6.4735 ,3.8765 
2014-11-09,0.2348 ,-1.5596 ,-0.2623 ,1.2499 ,3.5341 ,-0.7336 ,2.8446 ,3.1592 ,1.0541 ,0.3238 ,0.2605 ,-0.0241 ,1.3530 ,1.6655 ,1.1525 ,-0.4904 ,-0.9724 ,-5.6669 
2014-11-16,2.4023 ,1.8278 ,-1.3756 ,0.1081 ,0.6817 ,-1.0079 ,2.5833 ,-1.6424 ,-3.1638 ,5.6705 ,1.2554 ,-3.6589 ,-2.2822 ,-0.5796 ,-2.0918 ,-4.6886 ,-1.1176 ,-10.3297 
2014-11-23,2.8927 ,-1.0090 ,2.1409 ,1.9833 ,1.7319 ,2.6027 ,1.9250 ,4.4766 ,6.1487 ,0.2674 ,1.0057 ,5.0428 ,2.8786 ,1.8136 ,3.4344 ,8.7057 ,3.0206 ,4.4118 
2014-11-30,1.5986 ,6.3639 ,3.5267 ,3.6427 ,7.8860 ,4.6182 ,5.8154 ,1.1126 ,7.8518 ,15.8237 ,12.1786 ,3.9519 ,5.6743 ,8.0738 ,-1.9301 ,-1.9479 ,7.8643 ,2.0736 
2014-12-07,-0.3554 ,9.7441 ,1.9804 ,4.2487 ,0.8868 ,1.6691 ,2.4848 ,-1.4318 ,3.2075 ,20.7259 ,3.9755 ,1.1418 ,-0.7803 ,0.7962 ,-3.0321 ,1.7663 ,1.0271 ,-1.9931 
2014-12-14,2.5521 ,-0.5608 ,2.6125 ,7.9856 ,14.2118 ,3.9458 ,11.0451 ,-0.0900 ,0.0315 ,-3.0781 ,4.1239 ,3.3302 ,2.5973 ,9.0304 ,7.0856 ,8.6922 ,3.0637 ,-3.0896 
2014-12-21,-2.4276 ,2.8380 ,-0.7366 ,5.7558 ,19.1115 ,-0.7939 ,7.3592 ,-5.3543 ,0.7812 ,10.4605 ,-0.2077 ,-0.1173 ,5.9785 ,-1.8301 ,-2.7697 ,-5.6250 ,-0.8524 ,-0.7667 
2014-12-28,-2.0090 ,-0.3484 ,-1.7807 ,3.1297 ,-0.2291 ,-0.8159 ,-5.1072 ,-2.1199 ,-5.3309 ,5.3707 ,0.7448 ,-2.4970 ,-4.7660 ,-2.2879 ,-1.7168 ,-0.0789 ,-3.1369 ,-8.3367 
2015-01-04,-4.3561 ,0.0387 ,-1.8759 ,-0.2743 ,1.6744 ,-1.7230 ,-2.8835 ,-2.3449 ,-4.7846 ,4.8368 ,9.0601 ,-0.1063 ,-6.2149 ,-0.3405 ,-3.3106 ,-6.2419 ,-3.4052 ,-7.4978 
2015-01-11,2.6355 ,4.8863 ,3.1322 ,-1.3894 ,-3.7316 ,0.8701 ,3.0913 ,2.7901 ,5.0955 ,-2.7187 ,-3.3275 ,0.7537 ,0.9901 ,-0.5897 ,5.6818 ,3.1725 ,2.5682 ,11.8465 
2015-01-18,2.6648 ,-0.2515 ,1.8361 ,-0.3508 ,0.8477 ,1.1214 ,-1.1082 ,0.9486 ,10.3834 ,3.4511 ,1.7618 ,3.4288 ,7.6357 ,1.8993 ,2.5081 ,3.0047 ,2.7370 ,0.9434 
2015-01-25,2.7100 ,-0.0091 ,2.5349 ,-2.2021 ,-2.1454 ,2.1402 ,-0.2999 ,5.1679 ,2.4984 ,-4.0902 ,2.9507 ,6.1550 ,3.5018 ,2.7892 ,15.1839 ,3.0308 ,6.0235 ,9.0059 
2015-02-01,1.2488 ,-4.3149 ,-0.3530 ,1.0978 ,-1.4861 ,1.7940 ,-1.2172 ,1.3903 ,0.8324 ,-6.8940 ,-2.1272 ,-1.8984 ,0.2982 ,-2.4369 ,-1.3596 ,1.6091 ,-0.8203 ,-2.5721 
2015-02-08,-8.1711 ,-4.8465 ,-2.4997 ,-7.0980 ,-4.3873 ,-1.9961 ,-5.5173 ,-7.7434 ,6.1284 ,-2.6690 ,-5.1444 ,2.1837 ,2.2829 ,-5.1837 ,-0.1633 ,3.6246 ,-1.4935 ,10.6800 
2015-02-15,3.8141 ,3.3217 ,4.5627 ,4.0576 ,6.0252 ,5.0567 ,4.3960 ,5.6006 ,8.7624 ,4.4297 ,5.2481 ,7.5636 ,5.5104 ,5.3362 ,6.4085 ,5.3382 ,3.9005 ,2.2407 
2015-02-22,1.7307 ,1.0107 ,2.3933 ,1.4424 ,2.6064 ,2.5807 ,3.5538 ,2.9963 ,6.8650 ,0.4749 ,1.9160 ,4.0036 ,2.3943 ,2.3289 ,7.8544 ,3.5530 ,5.1443 ,2.4744 
2015-03-01,2.1877 ,3.3778 ,1.9596 ,3.6532 ,6.2756 ,1.0388 ,1.7139 ,1.3799 ,-0.0777 ,0.7490 ,0.8968 ,0.7863 ,2.9695 ,2.0133 ,0.7964 ,0.1221 ,2.1422 ,9.0721 
2015-03-08,2.4817 ,0.3837 ,2.1776 ,-0.8015 ,-2.1760 ,3.3878 ,-1.2260 ,9.2115 ,-0.9461 ,-4.7868 ,-1.8597 ,0.8595 ,4.2171 ,3.5127 ,-0.9263 ,1.6698 ,2.5886 ,-3.9848 
2015-03-15,3.2109 ,2.1136 ,3.1682 ,3.5091 ,2.4422 ,4.2137 ,6.9073 ,7.4309 ,6.9595 ,5.7841 ,3.6548 ,5.8485 ,6.9565 ,1.1593 ,6.4719 ,4.5048 ,3.0364 ,31.3900 
2015-03-22,8.2600 ,6.2818 ,8.0301 ,8.6019 ,11.8152 ,8.0791 ,10.4732 ,4.1505 ,13.4679 ,8.0086 ,9.3040 ,9.1795 ,7.5582 ,5.5009 ,3.8758 ,7.9159 ,7.0561 ,25.9213 
2015-03-29,4.6630 ,4.5479 ,4.6802 ,1.5176 ,7.6487 ,4.7981 ,1.9419 ,1.5482 ,5.7209 ,-1.1988 ,5.4182 ,12.4802 ,5.5370 ,8.6572 ,-0.3780 ,2.7163 ,0.9972 ,-6.6295 
2015-04-05,8.1098 ,3.7358 ,8.0170 ,5.2122 ,6.5597 ,8.3144 ,4.9252 ,6.7447 ,7.0781 ,5.7798 ,5.2409 ,5.3807 ,15.5217 ,8.7202 ,10.9464 ,8.7648 ,7.2158 ,0.2985 
2015-04-12,-0.0294 ,1.9628 ,2.7953 ,0.8765 ,3.0476 ,5.5651 ,4.1146 ,5.8012 ,2.7609 ,7.9115 ,7.7821 ,1.0119 ,3.2928 ,2.9624 ,14.4183 ,0.5290 ,1.6194 ,-3.5077 
2015-04-19,0.6267 ,6.1732 ,2.6957 ,8.1697 ,13.1880 ,-0.1406 ,11.5044 ,1.0862 ,-3.5981 ,2.9853 ,0.5352 ,-0.6782 ,-2.0878 ,3.5219 ,17.1145 ,-4.5040 ,1.0963 ,-8.2617 
2015-04-26,4.6038 ,5.9772 ,5.9303 ,5.3598 ,4.7196 ,5.2123 ,5.5925 ,11.5257 ,13.8291 ,-2.5306 ,3.9435 ,2.7284 ,6.6311 ,9.1413 ,8.9813 ,5.0150 ,9.4654 ,2.1854 
2015-05-03,0.1318 ,0.5299 ,-0.3273 ,3.2668 ,6.9652 ,-0.1352 ,2.8341 ,1.6555 ,4.8134 ,0.8399 ,3.4672 ,0.1576 ,-0.4777 ,-0.9267 ,-6.1687 ,1.5955 ,-0.7096 ,3.5958 
2015-05-10,-3.9825 ,-7.4813 ,-1.5881 ,-5.4490 ,-9.6542 ,-1.5187 ,-10.5912 ,-1.3116 ,4.2859 ,-3.0985 ,-5.6358 ,2.2475 ,0.4268 ,-1.5299 ,4.2191 ,3.1043 ,-6.7282 ,10.0726 
2015-05-17,10.5004 ,1.6708 ,7.9388 ,5.4762 ,3.7099 ,9.8822 ,2.0976 ,14.5747 ,8.9822 ,-2.1744 ,4.4195 ,10.0923 ,8.6441 ,4.9131 ,3.9762 ,11.5850 ,7.4260 ,-3.6480 
2015-05-24,11.0792 ,8.0560 ,13.1871 ,8.2729 ,9.1993 ,11.9332 ,11.6396 ,7.7849 ,11.9195 ,6.1904 ,11.2122 ,12.5779 ,20.6355 ,14.9286 ,8.2674 ,11.7905 ,14.3477 ,10.2246 
2015-05-31,3.2180 ,0.2816 ,3.2465 ,1.8908 ,-3.7916 ,0.2270 ,-1.2899 ,-0.7369 ,1.3219 ,-5.4230 ,0.0540 ,4.8726 ,9.7456 ,2.6751 ,0.7689 ,-1.8575 ,2.7147 ,8.4999 
2015-06-07,13.9936 ,13.7081 ,10.9182 ,13.7655 ,14.9718 ,10.6752 ,12.0531 ,21.1998 ,9.0165 ,7.6707 ,14.0877 ,17.7699 ,2.9605 ,7.5246 ,16.6142 ,10.1700 ,17.7350 ,-3.0943 
2015-06-14,6.7397 ,3.0476 ,3.7747 ,5.1376 ,-2.1334 ,8.0293 ,6.6397 ,5.5739 ,0.1580 ,2.4650 ,4.7608 ,5.5006 ,0.3290 ,2.6066 ,-8.2739 ,11.3602 ,5.5621 ,-0.4430 
2015-06-21,-13.0203 ,-12.7706 ,-14.9451 ,-9.6232 ,-18.1005 ,-15.8712 ,-10.7188 ,-18.0262 ,-17.9815 ,-12.7701 ,-12.7152 ,-12.9304 ,-16.9905 ,-12.2620 ,-18.4176 ,-18.6259 ,-12.8961 ,-23.6003 
2015-06-28,-9.9939 ,-7.6243 ,-9.3407 ,-2.2626 ,-9.5498 ,-10.9279 ,-5.3942 ,-10.9032 ,-15.9743 ,-4.8483 ,-9.0364 ,-10.3511 ,-13.9996 ,-7.4871 ,-13.4281 ,-14.8205 ,-12.3833 ,-14.4868 
2015-07-05,-25.5964 ,-18.4737 ,-20.3539 ,-24.4118 ,-20.6184 ,-25.6092 ,-20.8374 ,-23.3246 ,-19.3759 ,-3.8334 ,-19.6282 ,-19.7546 ,-24.9657 ,-21.1875 ,7.5587 ,-16.0826 ,-25.3077 ,-28.5755 
2015-07-12,-4.9253 ,2.0163 ,-1.0429 ,0.5121 ,16.1754 ,-3.9875 ,-0.1024 ,-6.4807 ,-2.5764 ,10.9502 ,2.3382 ,-3.5265 ,-7.7836 ,-3.7094 ,12.2828 ,-5.5347 ,-9.7667 ,-18.9909 
2015-07-19,19.8380 ,3.8612 ,12.8971 ,8.6257 ,2.2273 ,16.6364 ,6.2060 ,10.9054 ,13.9134 ,-4.6955 ,8.1299 ,19.1960 ,15.9599 ,23.3982 ,8.7687 ,18.4163 ,18.8695 ,48.3570 
2015-07-26,10.4237 ,4.4140 ,7.5672 ,5.9274 ,5.7814 ,8.6546 ,8.8868 ,19.8331 ,8.3637 ,-3.1717 ,7.8566 ,7.3920 ,14.3215 ,13.2618 ,7.1139 ,8.9992 ,9.9861 ,9.9835 
2015-08-02,-8.2787 ,-12.2319 ,-11.1334 ,-8.5571 ,-11.5460 ,-12.0804 ,-11.5970 ,-4.9335 ,-16.5811 ,-9.1656 ,-9.3410 ,-9.1328 ,-18.3718 ,-6.1586 ,-17.9900 ,-10.4278 ,-14.3464 ,-22.2423 
2015-08-09,2.7872 ,4.0455 ,4.9793 ,4.9503 ,4.1609 ,3.6301 ,7.2685 ,3.1952 ,2.0412 ,0.7987 ,0.8548 ,-0.6313 ,3.2146 ,3.3899 ,3.5196 ,2.1531 ,7.2803 ,18.6316 
2015-08-16,9.3290 ,9.9132 ,8.0834 ,11.4917 ,9.5676 ,17.9570 ,5.7870 ,13.2832 ,8.3650 ,1.7410 ,10.8482 ,10.6489 ,10.9708 ,7.6332 ,2.3490 ,6.1144 ,11.5289 ,3.1932 
2015-08-23,-11.5315 ,-12.4866 ,-14.0504 ,-13.6844 ,-16.3513 ,-15.9484 ,-12.9357 ,-10.7230 ,-14.6272 ,-11.7567 ,-12.7440 ,-14.9365 ,-18.3594 ,-13.0758 ,-13.7858 ,-16.0785 ,-9.7276 ,0.0000 
2015-08-30,-15.4277 ,-12.8279 ,-11.1637 ,-11.1286 ,-11.1687 ,-10.0587 ,-9.3734 ,-15.7715 ,-16.0679 ,-4.9317 ,-9.3824 ,-8.7002 ,-10.8670 ,-6.8630 ,-10.0997 ,-9.9146 ,-12.5058 ,-21.0925 
2015-09-06,-18.4469 ,-5.6111 ,-11.4668 ,-5.3846 ,-2.6380 ,-14.0514 ,-6.0551 ,-12.9119 ,-14.8227 ,3.9869 ,-7.8564 ,-13.3879 ,-15.7403 ,-6.4258 ,-10.8732 ,-10.0379 ,-16.4212 ,-25.7703 
2015-09-13,13.0772 ,3.1398 ,7.1046 ,3.4628 ,2.3182 ,11.1895 ,5.9092 ,12.3622 ,15.1086 ,-1.9525 ,6.3910 ,7.3315 ,15.4378 ,3.4294 ,10.9827 ,5.4916 ,14.8595 ,25.7682 
2015-09-20,-9.0024 ,-5.3985 ,-7.0639 ,-7.5674 ,-3.7189 ,-7.5474 ,-4.9938 ,-3.2074 ,-4.4655 ,-1.1545 ,-6.5127 ,-7.7778 ,-8.5617 ,-3.8138 ,-0.0438 ,-5.6851 ,-6.0708 ,-10.5444 
2015-09-27,1.3537 ,-0.5390 ,0.9221 ,-2.8681 ,-1.2622 ,1.5134 ,-0.0845 ,-0.6648 ,1.0442 ,-0.0178 ,-0.1767 ,1.5926 ,1.6159 ,2.0828 ,5.9406 ,0.5602 ,-0.0377 ,19.2142 
2015-10-04,2.8936 ,-2.7655 ,0.6878 ,-1.5379 ,-2.2552 ,-0.7586 ,-1.3654 ,3.5958 ,2.2299 ,-1.0561 ,-0.9998 ,-0.0842 ,4.2827 ,-1.0866 ,4.2520 ,2.0479 ,-2.3226 ,11.0129 
2015-10-11,9.0746 ,7.0292 ,6.6312 ,5.7024 ,5.2317 ,6.3317 ,4.7371 ,3.3849 ,7.8500 ,3.6200 ,5.6759 ,4.5484 ,6.2007 ,4.7272 ,4.3762 ,5.9202 ,7.1040 ,8.2549 
2015-10-18,8.2941 ,7.6593 ,9.6464 ,8.9794 ,9.3442 ,11.3659 ,11.4881 ,8.3656 ,15.9911 ,4.7415 ,9.2809 ,11.4123 ,-1.1236 ,11.2579 ,7.0997 ,8.4624 ,14.4767 ,0.0000 
2015-10-25,-2.5526 ,-1.3174 ,2.1179 ,-0.0327 ,2.5494 ,4.0712 ,-0.1397 ,11.3823 ,3.7192 ,1.2609 ,3.1654 ,-4.9369 ,2.4399 ,2.7561 ,10.3916 ,1.6216 ,5.1980 ,0.0000 
2015-11-01,1.0268 ,-2.2522 ,0.0419 ,-1.1658 ,-2.1753 ,-1.5650 ,-0.9545 ,0.8372 ,-0.4004 ,-0.4964 ,-1.9724 ,-2.2212 ,0.7998 ,-1.5545 ,-8.7918 ,-2.5179 ,-1.3831 ,10.0000 
2015-11-08,20.4994 ,6.4519 ,5.4596 ,5.4738 ,8.7152 ,5.2325 ,5.9707 ,8.9183 ,8.2090 ,11.7228 ,5.1389 ,7.5471 ,6.4902 ,6.8731 ,4.1488 ,8.9323 ,7.4511 ,43.3566 
2015-11-15,-0.2946 ,-0.0086 ,2.2832 ,0.8511 ,-2.4532 ,0.0024 ,-1.4927 ,1.0924 ,0.9636 ,-0.6244 ,0.2159 ,1.6726 ,4.9650 ,3.2296 ,0.0778 ,4.3202 ,8.9413 ,-4.4751 
2015-11-22,2.4807 ,1.6378 ,4.2217 ,-0.5281 ,2.0636 ,2.6659 ,0.5031 ,1.5120 ,3.2682 ,0.0458 ,5.5708 ,2.1255 ,4.9075 ,2.9482 ,-3.3263 ,6.8445 ,4.7496 ,-4.2629 
2015-11-29,-3.3758 ,-7.1111 ,-4.9303 ,-6.0853 ,-7.5858 ,-5.4205 ,-7.3879 ,-5.1860 ,-5.0230 ,-5.8646 ,-4.6673 ,-4.9168 ,-7.3389 ,-5.3451 ,-5.7301 ,-2.9821 ,-5.2017 ,-4.1976 
2015-12-06,4.2435 ,0.8780 ,2.3400 ,2.6190 ,2.2907 ,1.6309 ,1.2565 ,1.6688 ,0.8749 ,3.2936 ,9.9272 ,1.8324 ,0.7963 ,2.9450 ,1.2893 ,0.2872 ,4.8614 ,-6.9233 
2015-12-13,-6.8620 ,-2.9666 ,-2.1630 ,-4.0560 ,-6.1090 ,-2.2226 ,-2.6774 ,-1.1531 ,0.7990 ,-1.5545 ,-2.2991 ,-1.4128 ,-2.7275 ,-2.7369 ,-6.9209 ,-0.1045 ,-1.7702 ,-2.7828 
2015-12-20,6.3074 ,5.7183 ,6.2129 ,4.2922 ,5.8162 ,7.6692 ,8.8064 ,5.2881 ,5.3022 ,3.9024 ,9.9821 ,6.8306 ,8.3004 ,9.4297 ,3.1411 ,9.0873 ,7.7216 ,17.4960 
2015-12-27,3.7093 ,0.3643 ,1.7400 ,0.4615 ,0.8686 ,2.3008 ,-0.7766 ,1.1731 ,-0.2097 ,2.9698 ,2.1254 ,1.4837 ,4.1637 ,0.6474 ,-2.5265 ,-1.1974 ,5.6510 ,-8.2650 
2016-01-03,-3.4455 ,-2.6907 ,-1.6721 ,-2.2937 ,-2.7063 ,-1.8209 ,-3.9957 ,3.7622 ,-1.9539 ,-2.9472 ,-4.8225 ,-3.4203 ,-3.8047 ,-2.5382 ,-1.1108 ,-3.4574 ,-4.2943 ,-4.1698 
2016-01-10,-12.3714 ,-4.7829 ,-14.9023 ,-10.8416 ,-12.7341 ,-14.6185 ,-12.7374 ,-17.2951 ,-19.9628 ,-8.5695 ,-15.1493 ,-18.6875 ,-16.0977 ,-16.1797 ,-13.9590 ,-18.4774 ,-17.2644 ,-24.7604 
2016-01-17,-11.8030 ,-12.2621 ,-10.9356 ,-10.3518 ,-10.4642 ,-12.7790 ,-12.0648 ,-15.5649 ,-10.4922 ,-6.3770 ,-10.2655 ,-9.3222 ,-15.6615 ,-9.2627 ,-5.4100 ,-9.6544 ,-16.0557 ,-7.0568 
2016-01-24,0.9838 ,1.3285 ,1.8382 ,0.3509 ,4.2120 ,2.9487 ,2.3623 ,-1.7672 ,2.5341 ,-1.2203 ,1.2661 ,0.9196 ,3.1482 ,1.3252 ,-0.1659 ,0.7818 ,4.3175 ,5.5185 
2016-01-31,-7.0768 ,-6.2286 ,-8.4858 ,-9.5277 ,-9.1761 ,-8.5098 ,-9.3319 ,-8.0251 ,-10.7857 ,-3.8668 ,-7.7659 ,-8.2835 ,-8.5478 ,-7.7762 ,-2.6287 ,-9.0190 ,-8.9303 ,-3.9312 
2016-02-07,2.8476 ,2.3767 ,3.7441 ,1.9504 ,1.4702 ,3.7117 ,3.3521 ,7.1579 ,5.1297 ,-0.5839 ,3.0204 ,3.5285 ,6.3324 ,3.9286 ,7.7063 ,7.4996 ,3.2925 ,11.1070 
2016-02-21,6.9825 ,4.7819 ,6.1458 ,4.1392 ,6.6944 ,6.2395 ,5.0241 ,3.0265 ,8.4462 ,1.9663 ,5.0038 ,5.2958 ,6.4490 ,4.2782 ,2.9673 ,4.5243 ,7.3614 ,9.1417 
2016-02-28,-2.0507 ,0.4274 ,-6.0317 ,-2.3417 ,-6.1994 ,-5.6700 ,-4.7557 ,-4.6485 ,-11.9641 ,-2.8213 ,-5.7333 ,-9.1817 ,-8.5335 ,-6.4451 ,-11.7325 ,-10.3196 ,-6.4116 ,-14.1308 
2016-03-06,3.6996 ,6.5004 ,-0.7719 ,0.4494 ,3.9519 ,-2.4925 ,0.2750 ,-2.8823 ,-6.3498 ,8.1557 ,5.6251 ,-4.8746 ,-4.3350 ,-1.9264 ,-7.5420 ,-6.3049 ,-2.2454 ,-7.8597 
2016-03-13,-3.2293 ,-4.1453 ,-1.6536 ,-2.7028 ,-2.4785 ,-0.8524 ,-2.5383 ,0.8209 ,0.4348 ,-2.3823 ,-6.5382 ,0.7473 ,-0.1129 ,-2.1734 ,3.6279 ,0.8679 ,-1.8224 ,1.6375 
2016-03-20,6.5307 ,4.2112 ,9.1732 ,6.4630 ,7.1147 ,8.9389 ,6.4952 ,9.3447 ,16.3337 ,4.1387 ,7.3122 ,8.8257 ,13.0791 ,9.0971 ,11.1215 ,13.9960 ,7.7268 ,15.0243 
2016-03-27,6.2376 ,-1.3910 ,2.5500 ,1.0926 ,1.3607 ,2.7567 ,1.2907 ,7.1702 ,3.5972 ,1.0229 ,1.8378 ,2.3980 ,1.3295 ,1.4414 ,0.4300 ,3.0887 ,3.3154 ,1.7915 
2016-04-03,-0.8695 ,2.8553 ,1.3659 ,1.4347 ,2.0593 ,0.5738 ,1.9703 ,-3.0042 ,1.2337 ,0.6544 ,-0.0060 ,1.8301 ,0.7138 ,1.5331 ,-1.6838 ,-0.8605 ,-0.0404 ,-2.2400 
2016-04-10,-0.3790 ,0.5177 ,0.8158 ,-0.5454 ,-1.0306 ,0.9785 ,-0.8917 ,0.7284 ,0.1603 ,-2.1749 ,0.3809 ,0.9897 ,1.7111 ,1.5540 ,1.7027 ,-0.3263 ,1.0538 ,-1.9313 
2016-04-17,3.0930 ,5.4170 ,3.9187 ,2.5856 ,3.9609 ,4.0842 ,2.8218 ,3.7545 ,3.8621 ,3.3647 ,4.1696 ,2.9971 ,6.3133 ,3.9759 ,6.7409 ,5.2834 ,3.8949 ,6.0414 
2016-04-24,-4.9327 ,-3.1518 ,-5.7693 ,-5.0131 ,-6.1864 ,-6.2265 ,-6.2080 ,-6.0757 ,-9.5617 ,-0.8890 ,-5.7090 ,-6.9975 ,-8.5721 ,-5.6611 ,-5.0601 ,-9.1788 ,-7.1633 ,-11.9295 
2016-05-01,-0.8326 ,0.1080 ,0.3370 ,-0.3112 ,-0.9640 ,0.5269 ,-0.6465 ,1.4991 ,-0.6223 ,-1.2072 ,0.1237 ,-0.8122 ,-0.4564 ,-0.6031 ,1.1595 ,0.1226 ,0.1969 ,0.3931 
2016-05-08,0.1788 ,-2.8668 ,-0.3410 ,-0.6966 ,-0.6455 ,-0.9630 ,1.4420 ,-1.5753 ,0.2502 ,-1.4278 ,-0.1798 ,0.1659 ,0.5313 ,-1.5401 ,-0.1754 ,0.9647 ,-3.3616 ,-0.1424 
2016-05-15,-2.4857 ,-5.5860 ,-4.5802 ,-2.0809 ,-4.9952 ,-5.4876 ,-2.4297 ,-7.3214 ,-7.9706 ,-1.5769 ,-5.3453 ,-6.3244 ,-7.1311 ,-4.2181 ,-2.8023 ,-6.9695 ,-8.2142 ,-6.4341 
2016-05-22,-1.4625 ,0.2188 ,0.4262 ,-1.2367 ,-1.5544 ,-0.5025 ,-1.7889 ,0.2835 ,3.6170 ,0.8264 ,-0.3637 ,-1.3707 ,1.4897 ,-0.9802 ,2.4653 ,0.9936 ,0.4635 ,5.0090 
2016-05-29,0.1521 ,0.2268 ,0.6560 ,-0.5018 ,-0.5238 ,-0.3784 ,-1.2574 ,-1.4306 ,0.1975 ,-0.4707 ,-0.1853 ,0.3435 ,3.1546 ,0.4864 ,-4.9766 ,2.2772 ,1.1560 ,2.6938 
2016-06-05,5.1797 ,3.4003 ,6.3271 ,4.0047 ,4.9472 ,6.5057 ,3.8944 ,4.2196 ,9.4336 ,3.8975 ,3.9343 ,6.2602 ,8.4141 ,2.3227 ,6.7828 ,6.7333 ,4.4905 ,10.6178 
2016-06-12,-0.9755 ,0.6095 ,0.2833 ,-0.2318 ,-0.4854 ,-0.7176 ,-0.3318 ,1.4517 ,-0.5512 ,-0.4138 ,0.0323 ,-0.9880 ,-0.5773 ,-0.6629 ,-2.1658 ,-1.0925 ,1.1990 ,-0.0250 
2016-06-19,0.7455 ,1.3052 ,-0.0801 ,-1.1572 ,-1.8240 ,-4.3410 ,-1.5264 ,-3.2518 ,-3.9798 ,-1.3420 ,-1.9199 ,-2.8220 ,0.9660 ,-2.5636 ,0.0771 ,-6.3015 ,-1.1439 ,-1.1408 
2016-06-26,-3.9368 ,-0.1274 ,-0.7357 ,-1.2429 ,-0.5158 ,-0.7488 ,-1.8672 ,-3.3457 ,1.2980 ,-0.3405 ,-0.7467 ,-0.0171 ,0.4690 ,-0.0830 ,-1.2731 ,-1.4451 ,-0.2457 ,-2.9199 
2016-07-03,4.2105 ,2.3724 ,3.7751 ,2.4903 ,4.3025 ,4.0276 ,2.2063 ,2.7243 ,4.8253 ,2.4273 ,3.0591 ,3.1673 ,4.4778 ,2.2910 ,5.1166 ,4.7572 ,5.8407 ,0.4061 
2016-07-10,4.7869 ,7.0686 ,3.5008 ,2.1288 ,2.8607 ,2.8306 ,3.3587 ,1.4773 ,0.9349 ,0.8463 ,-2.5459 ,1.4868 ,4.2386 ,3.1741 ,1.3208 ,0.2854 ,3.1349 ,5.5058 
2016-07-17,1.4955 ,0.9295 ,1.7610 ,2.3564 ,2.7094 ,2.1566 ,3.0841 ,-1.3778 ,3.2202 ,2.2695 ,2.5040 ,3.0451 ,1.3864 ,3.8337 ,1.7501 ,3.2503 ,4.1069 ,3.0171 
2016-07-24,-1.4072 ,-3.5110 ,-1.1165 ,-0.9352 ,-1.6360 ,0.0300 ,-1.3477 ,-2.9967 ,0.6171 ,-1.1340 ,-1.3237 ,-0.5701 ,-0.2999 ,-2.5103 ,-1.1093 ,-1.2618 ,1.0330 ,-2.3255 
2016-07-31,-1.9277 ,-2.5423 ,-3.4603 ,-0.2047 ,-1.2710 ,-2.9005 ,0.7451 ,0.8260 ,-7.3744 ,-0.8148 ,-1.1416 ,-4.7992 ,-6.9631 ,-0.4519 ,-1.6831 ,-4.8315 ,-6.0425 ,-3.5484 
2016-08-07,0.5778 ,0.6762 ,-0.5588 ,-0.1978 ,0.8977 ,0.8245 ,0.1040 ,0.2774 ,-0.5211 ,0.2286 ,5.6153 ,-0.8416 ,-0.6798 ,0.9017 ,-1.2750 ,-1.0092 ,0.5437 ,-0.7923 
2016-08-14,0.0909 ,1.5394 ,1.3674 ,2.5525 ,3.7056 ,1.2460 ,0.6564 ,1.5934 ,1.5433 ,4.1145 ,4.7646 ,2.6598 ,3.6213 ,1.8771 ,0.5455 ,3.0705 ,3.0440 ,-0.2449 
2016-08-21,2.9105 ,0.9808 ,3.2165 ,2.2254 ,6.4080 ,3.9830 ,2.1801 ,6.6395 ,4.6002 ,1.3470 ,5.4462 ,3.0041 ,5.1483 ,3.3527 ,4.3803 ,7.4152 ,8.0316 ,7.2824 
2016-08-28,-1.0035 ,-2.6735 ,-0.7936 ,-0.2421 ,-2.7010 ,-2.0883 ,-2.4109 ,0.7813 ,-1.4122 ,-0.8573 ,-4.3525 ,-1.8270 ,-0.4395 ,0.4549 ,0.0003 ,0.6789 ,-4.1090 ,-2.7325 
2016-09-04,-0.9028 ,0.1095 ,-0.7276 ,-0.2570 ,0.7160 ,-0.5861 ,-0.3283 ,-1.7624 ,-0.6762 ,0.7256 ,0.0415 ,-0.5323 ,-1.5095 ,-0.1902 ,-1.2987 ,-1.3734 ,-0.9405 ,-1.9067 
2016-09-11,0.5820 ,0.5582 ,1.7707 ,1.0772 ,3.2892 ,1.1227 ,0.6464 ,2.2182 ,0.5536 ,-0.1354 ,-0.5000 ,1.7460 ,2.9214 ,5.3222 ,-0.7276 ,-0.6638 ,0.9398 ,1.1595 
2016-09-18,-2.9780 ,-3.7836 ,-2.7241 ,-1.5552 ,-3.1790 ,-2.8281 ,-2.8087 ,-1.9295 ,-3.1721 ,-2.6897 ,-0.6495 ,-2.4209 ,-2.7829 ,-4.2727 ,-2.3463 ,-2.9483 ,-3.3412 ,-1.9931 
2016-09-25,1.5395 ,1.0450 ,1.4017 ,0.5576 ,2.8087 ,2.1686 ,1.1725 ,5.1555 ,0.8319 ,1.1343 ,3.2426 ,2.7393 ,2.0101 ,2.3613 ,-0.0496 ,0.8961 ,1.0795 ,2.2521 
2016-10-02,-1.2839 ,-0.5212 ,-0.6432 ,-1.3768 ,-3.4808 ,-0.3673 ,-1.4726 ,-0.8995 ,-1.1420 ,-0.4671 ,0.6810 ,-1.7767 ,-0.4363 ,-2.2855 ,0.7557 ,-1.4256 ,-0.8407 ,1.2242 
2016-10-16,2.7054 ,1.0795 ,2.9729 ,2.7160 ,5.3454 ,2.6110 ,3.0179 ,5.2535 ,3.4113 ,0.7129 ,-0.1730 ,3.4350 ,1.9475 ,2.6891 ,2.1904 ,1.5550 ,4.5687 ,2.2326 
2016-10-23,-0.1360 ,1.5319 ,0.5747 ,0.2320 ,5.4000 ,0.1628 ,1.2067 ,0.7943 ,0.1310 ,0.4254 ,-0.9656 ,-0.7375 ,-1.8084 ,-0.2058 ,-1.4048 ,0.7980 ,0.5648 ,2.3889 
2016-10-30,1.2439 ,2.4383 ,0.0474 ,0.3827 ,-2.0140 ,0.0309 ,-0.6448 ,-0.2033 ,-0.3119 ,1.0139 ,0.6199 ,0.0070 ,-0.0834 ,-0.9191 ,-0.4540 ,1.3321 ,-0.0069 ,3.0227 
2016-11-06,-1.0150 ,1.3992 ,0.7177 ,-0.3684 ,2.2599 ,0.7517 ,0.3106 ,0.4713 ,0.1753 ,0.8656 ,0.3101 ,0.4555 ,-0.7471 ,-0.7512 ,-0.6705 ,0.8614 ,2.4830 ,-0.4529 
2016-11-13,2.8406 ,4.7457 ,2.1307 ,1.4463 ,3.2263 ,1.5737 ,2.5169 ,1.3880 ,0.9359 ,1.8156 ,2.0307 ,2.1858 ,3.0845 ,1.3179 ,-0.6285 ,0.6584 ,0.3027 ,0.4193 
2016-11-20,-0.6956 ,-2.2198 ,0.1091 ,0.7409 ,1.0519 ,0.5634 ,1.5795 ,-0.6103 ,0.8619 ,-0.2907 ,1.5078 ,1.1020 ,2.0615 ,-0.0791 ,1.5277 ,-0.1288 ,0.6123 ,-0.4140 
2016-11-27,-0.0553 ,1.7174 ,0.8882 ,1.2702 ,3.9352 ,1.2447 ,0.4100 ,-0.0339 ,0.6351 ,3.6985 ,2.7039 ,0.8967 ,0.8112 ,0.6782 ,-0.1994 ,-0.4711 ,-0.4038 ,-0.3157 
2016-12-04,-0.4294 ,-1.7060 ,-1.5497 ,-0.2013 ,2.8377 ,-1.4832 ,-0.5014 ,-3.8827 ,-1.7924 ,-1.2755 ,-1.4066 ,-3.3849 ,-3.6266 ,-0.2232 ,0.0067 ,-1.6334 ,-3.1388 ,-0.8639 
2016-12-11,-0.1282 ,-0.3609 ,-0.0229 ,-1.6608 ,-3.6079 ,0.7978 ,-1.0679 ,1.6027 ,-1.8611 ,0.4825 ,-2.4597 ,-0.1934 ,-1.8519 ,-1.2970 ,-0.9801 ,-0.8933 ,-0.0351 ,1.3444 
2016-12-18,0.4138 ,-3.1177 ,-3.1506 ,-2.5676 ,-5.5008 ,-1.9914 ,-3.9841 ,-1.9184 ,-5.0390 ,-4.5109 ,-3.3960 ,-2.2655 ,-4.5428 ,-2.9081 ,-4.5982 ,-3.8563 ,-1.0920 ,-9.4419 
2016-12-25,-1.2466 ,-1.1918 ,-0.6604 ,0.2436 ,1.0881 ,-0.4615 ,1.9011 ,0.5743 ,-0.9584 ,-2.0097 ,-2.3795 ,-0.7306 ,-0.8236 ,-0.9998 ,0.4431 ,-1.1270 ,-2.0495 ,0.1544 
2017-01-01,0.6359 ,-0.3907 ,0.2422 ,-0.0501 ,0.8037 ,-0.4679 ,-1.0557 ,-0.1387 ,-0.8530 ,0.4514 ,-0.2663 ,0.1320 ,-0.0264 ,0.8093 ,-0.7859 ,-1.4277 ,0.0784 ,0.9666 
2017-01-08,2.2182 ,2.8028 ,1.5262 ,1.3903 ,1.2065 ,1.7650 ,3.3464 ,2.0991 ,0.5381 ,0.3888 ,0.8756 ,0.3118 ,1.5516 ,1.9196 ,0.1493 ,0.5663 ,1.4441 ,1.4181 
2017-01-15,-4.5481 ,-1.8880 ,-2.7990 ,-1.1558 ,-3.0050 ,-2.7398 ,-2.6990 ,-4.3309 ,-4.2347 ,0.4362 ,-1.1369 ,-2.7432 ,-4.7357 ,-3.6601 ,-4.0611 ,-2.6401 ,-3.4292 ,-4.0432 
2017-01-22,-0.4816 ,-0.0882 ,-0.9247 ,-0.6428 ,-0.1531 ,-1.0376 ,-0.0247 ,-1.2598 ,-1.5288 ,1.3148 ,-1.3970 ,-1.9857 ,-1.9126 ,-0.3590 ,-2.2828 ,-1.1728 ,-2.8763 ,-1.9690 
2017-01-29,1.2646 ,2.3529 ,1.6835 ,0.4955 ,1.3082 ,0.7135 ,0.5522 ,1.4027 ,0.7389 ,0.9418 ,0.9188 ,1.1915 ,0.8083 ,-0.2660 ,1.1244 ,1.5612 ,0.2309 ,3.6001 
2017-02-05,-0.5368 ,-0.6403 ,-0.2825 ,-0.2670 ,-0.2602 ,-0.3505 ,-0.4255 ,-0.6588 ,-0.5187 ,-1.1984 ,-0.3178 ,-0.2422 ,0.2251 ,-0.4615 ,0.3263 ,-0.5387 ,-0.1222 ,-1.0503 
2017-02-12,0.9833 ,1.9604 ,2.2489 ,2.1181 ,5.4494 ,1.8156 ,2.6724 ,1.9429 ,1.6298 ,1.1104 ,1.7555 ,1.7089 ,3.2691 ,2.6054 ,0.9720 ,0.4850 ,2.5263 ,-4.2206 
2017-02-19,-2.0553 ,-0.4244 ,-0.0399 ,0.5184 ,-0.9589 ,-0.0358 ,0.9677 ,-0.7309 ,-0.8209 ,0.6282 ,-0.7529 ,-0.8480 ,0.0214 ,-1.2176 ,0.1245 ,-1.5377 ,-0.2644 ,-2.2268 
2017-02-26,1.9515 ,0.9426 ,2.3968 ,1.2353 ,1.3096 ,2.3118 ,2.3661 ,1.8890 ,4.0066 ,0.8002 ,1.6678 ,2.5646 ,4.2041 ,2.5531 ,0.4817 ,3.2141 ,1.6337 ,1.2065 
2017-03-05,-1.2190 ,-1.9045 ,-0.1821 ,-0.6214 ,-1.4042 ,-1.0465 ,-2.2100 ,-0.6558 ,-0.4197 ,-1.6614 ,-1.2325 ,-0.8355 ,-0.4270 ,1.7204 ,-0.9286 ,0.2161 ,0.0261 ,2.3353 
2017-03-12,-1.3779 ,-1.6811 ,0.6462 ,-0.4655 ,-0.9345 ,-0.0141 ,-0.5976 ,-0.7057 ,1.4297 ,-0.5238 ,1.0147 ,0.0152 ,0.2598 ,-0.3045 ,-0.5909 ,-0.3575 ,-1.1375 ,-1.2420 
2017-03-19,-0.1246 ,1.1386 ,0.9446 ,0.4127 ,1.9872 ,-0.0553 ,0.1516 ,0.1054 ,0.5705 ,0.1239 ,1.2282 ,0.1209 ,0.7681 ,2.5734 ,1.7588 ,0.1071 ,-0.0481 ,0.8475 
2017-03-26,0.9590 ,0.9089 ,1.4867 ,0.3385 ,5.4528 ,0.7713 ,2.6997 ,0.2678 ,-0.8710 ,-0.7485 ,-0.9446 ,1.4194 ,1.1053 ,0.1830 ,0.8476 ,0.0527 ,-1.4300 ,1.9746 
2017-04-02,-2.7198 ,-1.0331 ,-2.5239 ,-0.3944 ,-3.8489 ,-2.3350 ,0.2954 ,-2.4202 ,-3.9107 ,-0.0596 ,-2.3170 ,-2.6365 ,-4.4233 ,-0.8327 ,-0.8487 ,-2.8515 ,-4.6477 ,-1.8220 
2017-04-09,1.6165 ,2.8155 ,2.1803 ,2.8588 ,6.5563 ,1.6015 ,3.3031 ,1.8249 ,1.7171 ,0.4180 ,3.6009 ,0.8477 ,3.0359 ,9.6930 ,3.3036 ,1.1693 ,3.3550 ,0.4080 
2017-04-16,-1.9947 ,-0.1917 ,-1.8081 ,1.4254 ,-1.4723 ,-1.0933 ,1.8719 ,-2.3933 ,-3.4466 ,-1.9818 ,2.6853 ,-3.8096 ,-1.4392 ,0.0260 ,-2.8370 ,-3.5512 ,-0.6241 ,-3.4148 
2017-04-23,-4.8385 ,-5.3580 ,-2.6324 ,-3.6776 ,-1.3146 ,-2.9227 ,-4.4437 ,-4.1152 ,-3.7825 ,-1.4692 ,-4.2570 ,-2.2594 ,-4.9328 ,-1.5426 ,-1.3224 ,-3.0017 ,-6.0891 ,-2.5158 
2017-04-30,-0.8818 ,-1.9663 ,-0.9842 ,-0.5393 ,-4.2421 ,-1.1199 ,-1.6136 ,-2.7568 ,0.0669 ,0.8961 ,-2.1907 ,-3.1509 ,-0.7358 ,0.8097 ,0.7927 ,0.2020 ,-3.4492 ,1.5510 
2017-05-07,-2.8866 ,-3.3567 ,-1.4523 ,-1.9508 ,-0.6987 ,-1.4991 ,-0.6040 ,-3.5280 ,-1.6111 ,-2.1917 ,-2.5246 ,-1.7564 ,-1.4880 ,-3.4402 ,-1.7257 ,-1.7055 ,-3.6175 ,-3.3143 
2017-05-14,-5.4742 ,-1.9142 ,-2.9474 ,-1.5862 ,-3.1060 ,-4.1663 ,-1.9672 ,-1.9574 ,-2.9856 ,3.3772 ,-2.6384 ,-1.8634 ,-5.9905 ,-5.0460 ,0.8964 ,-2.2433 ,-5.9069 ,-2.5799 
2017-05-21,0.7306 ,2.5497 ,2.1471 ,2.3978 ,-2.2274 ,2.2250 ,1.5278 ,0.9079 ,2.4735 ,-1.3906 ,1.2312 ,3.0080 ,2.0493 ,2.8685 ,1.4573 ,1.6249 ,2.4595 ,0.5283 
2017-05-28,-1.0280 ,-0.2463 ,-2.0718 ,-1.8297 ,-0.9003 ,-2.3793 ,-1.1557 ,0.8325 ,-2.3299 ,5.3313 ,0.5830 ,-2.3783 ,-1.8343 ,-2.4739 ,-1.6502 ,-1.9490 ,-3.4178 ,-0.2591 
2017-06-04,-0.8747 ,-1.3268 ,-1.0894 ,-0.2466 ,0.2324 ,-0.6323 ,-0.1424 ,-1.5057 ,-1.9122 ,-0.1340 ,1.3856 ,-0.7007 ,-3.5412 ,-1.5652 ,-2.9906 ,-1.1653 ,-1.1569 ,-0.4214 
2017-06-11,2.4928 ,1.6370 ,3.9408 ,1.8745 ,3.9381 ,3.3715 ,2.4876 ,0.2932 ,3.5881 ,1.5085 ,2.1820 ,3.5027 ,3.5623 ,4.0018 ,4.7118 ,3.2217 ,3.8686 ,0.4680 
2017-06-18,0.5626 ,1.1106 ,0.4846 ,-0.9490 ,-1.7905 ,0.2914 ,-0.7169 ,-0.2915 ,1.0814 ,-1.7712 ,-1.2311 ,0.2737 ,0.7503 ,0.6758 ,2.0681 ,0.1379 ,1.1076 ,-2.0290 
2017-06-25,-0.2559 ,-0.2834 ,0.9312 ,0.4426 ,0.8150 ,-0.2969 ,0.0448 ,-1.7309 ,-1.5485 ,3.2863 ,3.0177 ,-1.9759 ,-1.3269 ,0.2199 ,-0.0142 ,-1.6055 ,-0.5836 ,-3.4137 
2017-07-02,0.6862 ,1.9223 ,1.6715 ,0.5233 ,1.0040 ,2.1496 ,0.7081 ,3.0200 ,1.5818 ,1.2083 ,0.7729 ,1.6980 ,2.8437 ,2.0832 ,1.7491 ,0.7672 ,1.5688 ,2.4164 
2017-07-09,2.4628 ,4.6150 ,1.2390 ,0.4849 ,-0.1955 ,0.5309 ,1.5293 ,-0.2210 ,0.6397 ,0.5966 ,-0.0547 ,0.0361 ,2.1967 ,0.3610 ,0.1207 ,-0.0230 ,1.0885 ,-0.0529 
2017-07-16,-2.5107 ,-0.1248 ,-1.3996 ,-1.2987 ,2.0759 ,-1.3875 ,-0.1666 ,-1.9474 ,-4.4110 ,4.6787 ,0.1744 ,-1.9037 ,-1.1634 ,-3.8036 ,-1.6664 ,-2.3864 ,-2.5740 ,-1.3783 
2017-07-23,-3.2090 ,4.0686 ,-0.7113 ,-0.2218 ,1.1614 ,-1.3813 ,0.1540 ,-0.1244 ,-4.4691 ,0.4064 ,0.3830 ,-2.6178 ,-2.8827 ,-3.0195 ,-2.8329 ,-1.4671 ,-1.9246 ,-1.8580 
2017-07-30,1.3763 ,-1.2770 ,1.0506 ,0.8682 ,-1.4918 ,0.5641 ,0.8003 ,1.8071 ,3.2373 ,0.2970 ,-0.4438 ,2.3768 ,4.0769 ,-0.3291 ,-0.1751 ,3.4151 ,3.0920 ,-0.5486 
2017-08-06,-0.2292 ,3.1682 ,-0.0917 ,-0.3765 ,-2.0948 ,0.0544 ,0.8681 ,0.5019 ,-0.0647 ,0.4964 ,-1.7946 ,-1.2535 ,1.1785 ,-1.5196 ,-1.9933 ,-1.5389 ,-0.6271 ,-5.1479 
2017-08-13,2.0235 ,-2.0714 ,-0.5365 ,-0.9689 ,-1.3882 ,-1.3297 ,-1.0145 ,-0.4754 ,-0.1123 ,-3.7590 ,-2.3591 ,-0.8148 ,1.4084 ,0.6744 ,1.9954 ,0.2406 ,-0.2416 ,-1.1377 
2017-08-20,1.1456 ,0.5136 ,2.5256 ,2.3406 ,3.2606 ,3.0241 ,3.7050 ,0.7044 ,6.8908 ,1.8475 ,3.1624 ,3.8965 ,4.3706 ,3.6854 ,1.0069 ,1.9476 ,3.7252 ,2.1954 
2017-08-27,1.5231 ,0.3813 ,0.3861 ,-0.1435 ,0.9079 ,-0.6986 ,-1.2971 ,-1.8593 ,0.3449 ,4.2964 ,0.5492 ,-0.7905 ,3.4933 ,1.4333 ,-0.2551 ,-0.1885 ,-0.0082 ,-0.6983 
2017-09-03,2.5387 ,5.3408 ,2.2170 ,0.9969 ,0.0836 ,1.0221 ,1.9802 ,-0.3827 ,3.0741 ,0.9806 ,0.7956 ,2.4945 ,4.8277 ,0.0037 ,2.6419 ,1.9206 ,0.5683 ,1.7524 
2017-09-10,0.1549 ,0.1808 ,0.6992 ,-0.9084 ,-0.0775 ,0.2012 ,0.4328 ,1.6847 ,0.8935 ,-0.8363 ,3.3743 ,3.0172 ,0.8277 ,1.6004 ,1.6175 ,-0.3868 ,2.0244 ,3.9583 
2017-09-17,0.6813 ,-1.9301 ,0.9577 ,-0.6010 ,1.3234 ,0.1233 ,-1.0300 ,1.6159 ,-1.7006 ,-1.0480 ,3.9474 ,0.6364 ,3.5368 ,1.7690 ,1.2251 ,-0.3345 ,1.4358 ,3.9119 
2017-09-24,-1.9855 ,-0.9491 ,0.2611 ,-0.9182 ,-1.6656 ,0.6006 ,-1.7003 ,-1.3576 ,-0.7184 ,0.3460 ,-1.2385 ,-0.7773 ,-2.0083 ,-1.3717 ,2.1760 ,-1.1812 ,-1.4772 ,-3.0829 
2017-10-01,-0.9258 ,-0.1756 ,0.9160 ,-0.6148 ,-1.2232 ,-0.0643 ,-0.8536 ,-0.3430 ,0.0004 ,-0.6348 ,-3.9110 ,-0.2155 ,0.4598 ,-0.6887 ,2.2234 ,-0.9776 ,-1.0280 ,-0.1628 
2017-10-15,4.2091 ,-1.1103 ,2.1698 ,2.0902 ,1.6329 ,3.6226 ,2.3874 ,-0.6880 ,2.3775 ,1.3475 ,0.6737 ,2.7482 ,2.5491 ,4.0233 ,6.6875 ,1.6630 ,1.6584 ,3.3746 
2017-10-22,-0.8640 ,-2.1879 ,-1.3341 ,-1.4776 ,-1.6450 ,-1.2468 ,1.1385 ,-3.1381 ,-4.2113 ,-0.0756 ,-1.4028 ,0.3070 ,-2.5236 ,-2.6153 ,0.5754 ,-2.3723 ,-2.1846 ,-2.3230 
2017-10-29,2.7064 ,-0.4734 ,1.9279 ,0.1463 ,1.9116 ,0.3289 ,-0.1066 ,2.2027 ,-0.3509 ,1.7246 ,1.4906 ,0.2723 ,0.5381 ,1.2342 ,1.2837 ,0.4700 ,-1.0003 ,2.7518 
2017-11-05,-0.1473 ,-2.3070 ,-2.1667 ,-2.0864 ,-2.3317 ,-3.7488 ,-1.3028 ,-1.9593 ,-2.3610 ,-1.5197 ,-1.7588 ,-2.4703 ,0.3695 ,-3.3521 ,-0.1371 ,-3.3042 ,-3.6170 ,-0.8632 
2017-11-12,-0.3348 ,1.2710 ,4.0031 ,1.6966 ,-1.0829 ,2.4998 ,0.6137 ,5.5823 ,4.1417 ,2.1174 ,-0.0628 ,2.8162 ,1.5734 ,-0.8072 ,3.7999 ,2.4379 ,0.6685 ,3.6809 
2017-11-19,-0.3926 ,-3.0723 ,-3.6979 ,-2.7092 ,-2.2866 ,-4.9308 ,-1.9595 ,-5.8371 ,-4.8891 ,2.2472 ,0.3812 ,-3.5275 ,-3.9437 ,-2.8397 ,2.1971 ,-6.4399 ,-6.2981 ,-1.9888 
2017-11-26,-2.6961 ,2.2235 ,-2.0496 ,-0.8790 ,-0.8174 ,-1.5955 ,-0.6411 ,-2.9537 ,-2.0339 ,0.9077 ,1.6600 ,-2.1606 ,-4.2516 ,-0.6130 ,-5.8260 ,-1.0946 ,-1.1338 ,1.9620 
2017-12-03,-0.8906 ,0.6846 ,-0.3098 ,-0.7278 ,0.4636 ,-0.4606 ,-0.1601 ,-2.0498 ,0.4223 ,-3.5032 ,0.3741 ,0.8073 ,0.0207 ,-0.4639 ,-0.7683 ,-0.2130 ,0.6424 ,0.7388 
2017-12-10,1.0087 ,-2.3464 ,-1.2856 ,-1.2460 ,-1.2082 ,-0.4864 ,-0.4766 ,-2.4898 ,-1.5309 ,0.5193 ,-1.4934 ,-0.6818 ,-1.9295 ,-0.4593 ,0.7281 ,-0.6802 ,-2.9975 ,1.4793 
2017-12-17,-1.4919 ,-0.3215 ,0.8554 ,0.1252 ,-1.2887 ,1.4151 ,0.1471 ,1.5324 ,1.0590 ,-2.4933 ,-1.4252 ,0.6717 ,0.9840 ,-0.6429 ,1.3718 ,1.1852 ,0.0270 ,0.8850 
2017-12-24,0.6794 ,2.0810 ,0.7190 ,1.2876 ,-0.6197 ,-1.0351 ,0.8258 ,0.1314 ,-1.9527 ,1.3883 ,0.4863 ,-1.6417 ,-2.5926 ,0.7116 ,2.6521 ,-1.4715 ,-1.8409 ,5.6568 
2017-12-29,-1.3092 ,2.1698 ,-0.0580 ,-1.6659 ,-0.7742 ,-0.2865 ,0.6061 ,2.8036 ,-1.4190 ,-1.3220 ,2.2030 ,-0.2079 ,1.7010 ,0.4581 ,2.4958 ,0.6584 ,0.2879 ,1.4996 
